StartDate,EndDate,Status,IPAddress,Progress,Duration (in seconds),Finished,RecordedDate,ResponseId,RecipientLastName,RecipientFirstName,RecipientEmail,ExternalReference,LocationLatitude,LocationLongitude,DistributionChannel,UserLanguage,consent,attention,archeo_basic_learn,archeo_basic_impress,archeo_basic_know,archeo_basic_comp,archeo_basic_trust,archeo_basic_cons,entom_imp_learn,entom_imp_impress,entom_imp_know,entom_imp_comp,entom_imp_trust,entom_imp_cons,archeo_imp_learn,archeo_imp_impress,archeo_imp_know,archeo_imp_comp,archeo_imp_trust,archeo_imp_cons,entom_basic_learn,entom_basic_impress,entom_basic_know,entom_basic_comp,entom_basic_trust,entom_basic_cons,archeo_basic_trust,archeo_basic_cons,entom_imp_trust,entom_imp_cons,archeo_imp_trust,archeo_imp_cons,entom_basic_trust,entom_basic_cons,Q1,gender,age,education,PROLIFIC_PID,condition
Start Date,End Date,Response Type,IP Address,Progress,Duration (in seconds),Finished,Recorded Date,Response ID,Recipient Last Name,Recipient First Name,Recipient Email,External Data Reference,Location Latitude,Location Longitude,Distribution Channel,User Language,"We invite you to participate in a scientific experiment. Participation requires that you give your informed consent. Before proceeding, please consider the following information:



The study will take about 5 minutes to complete.



There are no risks involved in this study.



You will be paid for your participation at the posted rate (provided that you complete the whole study, including demographic questions).



Your individual privacy will be maintained in all published and written data resulting from the study.

 

Participation in this research study is voluntary. You may choose not to participate.

 

By ticking the box below, and proceeding to the study task you certify that you have read this form, and agreed to participate in accordance with the above conditions.","Imagine you are playing video games with a friend and at some point your friend says: 
 

“I don’t want to play this game anymore! To make sure that you read the instructions, please write the three following words ""I pay attention"" in the box below. I really dislike this game, it's the most overrated game ever.” 

 

Do you agree with your friend?",How much do you feel you’ve learnt about human history by reading this text?,How impressive did you find the findings of the archeologists described in the text?,"After reading this text, do you now think that archeologists have more knowledge than you thought they did before?",Would you agree that reading this text has made you think of archeologists  as more competent than you thought before?,"Having read this text, would you agree that you trust the discipline of archeology more than you did before?",To which extent do you think the findings from the short text you just read reflect a minority or a majority opinion among archeologists?,How much do you feel you’ve learnt about insects by reading this text?,How impressive did you find the findings of the entomologists described in the text?,"After reading this text, do you now think that entomologists have more knowledge than you thought they did before?",Would you agree that reading this text has made you think of entomologists as more competent than you thought before?,"Having read this text, would you agree that you trust the discipline of entomology (the science of insects) more than you did before?",To which extent do you think the findings from the short text you just read reflect a minority or a majority opinion among entomologists?,How much do you feel you’ve learnt about human history by reading this text?,How impressive did you find the findings of the archeologists described in the text?,"After reading this text, do you now think that archeologists have more knowledge than you thought they did before?",Would you agree that reading this text has made you think of archeologists  as more competent than you thought before?,"Having read this text, would you agree that you trust the discipline of archeology more than you did before?",To which extent do you think the findings from the short text you just read reflect a minority or a majority opinion among archeologists?,How much do you feel you’ve learnt about insects by reading this text?,How impressive did you find the findings of the entomologists described in the text?,"After reading this text, do you now think that entomologists have more knowledge than you thought they did before?",Would you agree that reading this text has made you think of entomologists as more competent than you thought before?,"Having read this text, would you agree that you trust the discipline of entomology (the science of insects) more than you did before?",To which extent do you think the findings from the short text you just read reflect a minority or a majority opinion among entomologists?,"Having read this text, would you agree that you trust the discipline of archeology more than you did before?",To which extent do you think the findings from the short text you just read reflect a minority or a majority opinion among archeologists?,"Having read this text, would you agree that you trust the discipline of entomology (the science of insects) more than you did before?",To which extent do you think the findings from the short text you just read reflect a minority or a majority opinion among entomologists?,"Having read this text, would you agree/disagree that you trust the discipline of archeology more than you did before?",To which extent do you think the findings from the short text you just read reflect a minority or a majority opinion among archeologists?,"Having read this text, would you agree that you trust the discipline of entomology (the science of insects) more than you did before?",To which extent do you think the findings from the short text you just read reflect a minority or a majority opinion among entomologists?,"Before finishing, please provide the following information. Once you are done with these questions, please do not forget to press the arrow to complete the survey and get your completion code.",What is your gender?,What is your age?,What is the highest level of education you have completed?,PROLIFIC_PID,condition
"{""ImportId"":""startDate"",""timeZone"":""Europe/Berlin""}","{""ImportId"":""endDate"",""timeZone"":""Europe/Berlin""}","{""ImportId"":""status""}","{""ImportId"":""ipAddress""}","{""ImportId"":""progress""}","{""ImportId"":""duration""}","{""ImportId"":""finished""}","{""ImportId"":""recordedDate"",""timeZone"":""Europe/Berlin""}","{""ImportId"":""_recordId""}","{""ImportId"":""recipientLastName""}","{""ImportId"":""recipientFirstName""}","{""ImportId"":""recipientEmail""}","{""ImportId"":""externalDataReference""}","{""ImportId"":""locationLatitude""}","{""ImportId"":""locationLongitude""}","{""ImportId"":""distributionChannel""}","{""ImportId"":""userLanguage""}","{""ImportId"":""QID1211687480""}","{""ImportId"":""QID1211687479_TEXT""}","{""ImportId"":""QID87""}","{""ImportId"":""QID88""}","{""ImportId"":""QID135""}","{""ImportId"":""QID129""}","{""ImportId"":""QID130""}","{""ImportId"":""QID151""}","{""ImportId"":""QID146""}","{""ImportId"":""QID147""}","{""ImportId"":""QID148""}","{""ImportId"":""QID149""}","{""ImportId"":""QID150""}","{""ImportId"":""QID152""}","{""ImportId"":""QID170""}","{""ImportId"":""QID171""}","{""ImportId"":""QID172""}","{""ImportId"":""QID173""}","{""ImportId"":""QID174""}","{""ImportId"":""QID175""}","{""ImportId"":""QID140""}","{""ImportId"":""QID141""}","{""ImportId"":""QID142""}","{""ImportId"":""QID143""}","{""ImportId"":""QID144""}","{""ImportId"":""QID153""}","{""ImportId"":""QID160""}","{""ImportId"":""QID183""}","{""ImportId"":""QID167""}","{""ImportId"":""QID184""}","{""ImportId"":""QID128""}","{""ImportId"":""QID185""}","{""ImportId"":""QID181""}","{""ImportId"":""QID186""}","{""ImportId"":""QID1211775182""}","{""ImportId"":""QID1211775183""}","{""ImportId"":""QID1211775184_TEXT""}","{""ImportId"":""QID1211775185""}","{""ImportId"":""PROLIFIC_PID""}","{""ImportId"":""condition""}"
2024-02-21 13:38:41,2024-02-21 13:40:00,0,90.203.244.103,100,78,1,2024-02-21 13:40:00,R_2fDlKivuKGPpdXq,,,,,55.0223,-3.2763,anonymous,EN,1,"I pay attention ",,,,,,,,,,,,,3,4,4,4,4,3,4,4,4,4,4,4,,,,,,,,,,2,23,6,5f105b47d36c8701ec112317,all questions
2024-02-21 13:38:34,2024-02-21 13:40:09,0,51.241.7.70,100,94,1,2024-02-21 13:40:09,R_2etxZjXWBDCJUNG,,,,,51.9045,-0.1984,anonymous,EN,1,I pay attention,,,,,,,,,,,,,,,,,,,,,,,,,4,4,3,3,,,,,,1,28,2,637e1c1af194c6e63e8ff286,trust only
2024-02-21 13:38:34,2024-02-21 13:40:19,0,68.227.193.120,100,105,1,2024-02-21 13:40:19,R_1GDurWXzQjhCnok,,,,,41.874,-71.3844,anonymous,EN,1,I pay attention,,,,,,,,,,,,,,,,,,,,,,,,,4,4,4,4,,,,,,1,27,6,631c8e97db06f601f81bd82f,trust only
2024-02-21 13:38:23,2024-02-21 13:40:27,0,188.28.105.2,100,124,1,2024-02-21 13:40:28,R_8ilLZnm4qdrhOvL,,,,,51.4981,-0.0886,anonymous,EN,1,I pay attention,,,,,,,,,,,,,,,,,,,,,,,,,,,,,4,3,4,4,,1,43,2,57d5ab3a722df500017f3622,trust only
2024-02-21 13:38:19,2024-02-21 13:40:39,0,86.31.241.127,100,139,1,2024-02-21 13:40:39,R_4kLkCrdRRNwOSQz,,,,,51.5646,0.0898,anonymous,EN,1,I pay attention,,,,,,,,,,,,,,,,,,,,,,,,,4,5,5,5,,,,,,1,29,5,5e0fece5f6191f70b66608ef,trust only
2024-02-21 13:38:33,2024-02-21 13:40:40,0,86.141.152.69,100,126,1,2024-02-21 13:40:40,R_2a0AMRkcdHvxUIN,,,,,51.813,0.6415,anonymous,EN,1,I pay attention,,,,,,,,,,,,,,,,,,,,,,,,,4,4,4,4,,,,,,1,52,2,639f294882a3797f77a3dd81,trust only
2024-02-21 13:38:34,2024-02-21 13:40:55,0,148.252.156.138,100,140,1,2024-02-21 13:40:55,R_8H656wgsLd6O3v4,,,,,51.4964,-0.1224,anonymous,EN,1,I pay attention,,,,,,,,,,,,,,,,,,,,,,,,,,,,,4,3,3,4,,2,35,4,61472e1bd4b6a14aaecfa6ef,trust only
2024-02-21 13:38:34,2024-02-21 13:40:56,0,50.81.155.36,100,142,1,2024-02-21 13:40:57,R_6RgU81euOjMe6fV,,,,,41.6244,-93.6694,anonymous,EN,1,I pay attention,,,,,,,,,,,,,5,5,5,5,5,5,1,2,1,3,1,5,,,,,,,,,,2,51,3,5a78b8355292b800012284ca,all questions
2024-02-21 13:38:41,2024-02-21 13:40:57,0,217.155.198.81,100,136,1,2024-02-21 13:40:57,R_6JwPnzb8jPW4eU3,,,,,51.5776,-0.1947,anonymous,EN,1,I pay attention,,,,,,,,,,,,,,,,,,,,,,,,,,,,,4,5,4,5,,2,41,5,5c6e8dd877955b0001ff0c58,trust only
2024-02-21 13:38:36,2024-02-21 13:40:59,0,173.80.98.33,100,142,1,2024-02-21 13:40:59,R_7OCemHUyJZZmo7z,,,,,38.2282,-81.5065,anonymous,EN,1,I pay attention,,,,,,,,,,,,,2,2,2,2,3,2,1,1,2,2,2,4,,,,,,,,,,1,59,5,5c3b70640eaa0100018ea877,all questions
2024-02-21 13:38:27,2024-02-21 13:41:00,0,92.40.214.208,100,153,1,2024-02-21 13:41:01,R_4IVC2Ne9qiCEkOR,,,,,51.5026,-0.0668,anonymous,EN,1,"I pay attention ",,,,,,,,,,,,,4,4,3,4,4,4,2,2,3,2,2,3,,,,,,,,,,2,33,5,5eb6d09db2c9c85dd30dc94e,all questions
2024-02-21 13:38:11,2024-02-21 13:41:03,0,2.100.14.107,100,172,1,2024-02-21 13:41:04,R_5e8OdSv5J98p4EU,,,,,52.5279,-2.0705,anonymous,EN,1,I pay attention,,,,,,,,,,,,,,,,,,,,,,,,,,,,,4,4,3,4,,3,32,6,5ba0c90d2ff2f900019396b7,trust only
2024-02-21 13:38:26,2024-02-21 13:41:10,0,81.100.243.163,100,163,1,2024-02-21 13:41:10,R_2Ic2f4vcLkwirJB,,,,,50.9321,-1.3892,anonymous,EN,1,I pay attention,,,,,,,,,,,,,4,4,5,4,5,4,3,2,3,4,4,4,,,,,,,,,,2,29,2,5c4594514fe4f800016ea070,all questions
2024-02-21 13:38:16,2024-02-21 13:41:10,0,5.69.52.33,100,174,1,2024-02-21 13:41:11,R_8dQLMtpQqhI8Lsl,,,,,54.0771,-0.2306,anonymous,EN,1,I pay attention,,,,,,,,,,,,,5,4,5,5,5,4,4,5,5,5,5,5,,,,,,,,,,1,42,5,566feba6b937e400052d33b2,all questions
2024-02-21 13:38:25,2024-02-21 13:41:12,0,174.207.228.125,100,167,1,2024-02-21 13:41:13,R_6mg6BedYSbZp00V,,,,,39.3434,-84.4009,anonymous,EN,1,"I pay attention ",,,,,,,,,,,,,,,,,,,,,,,,,5,5,5,5,,,,,,1,26,3,60ff12c90c9097cbfb9f9588,trust only
2024-02-21 13:38:40,2024-02-21 13:41:14,0,86.153.137.234,100,154,1,2024-02-21 13:41:15,R_4OJwNOvO8gJFCHF,,,,,53.2827,-3.0433,anonymous,EN,1,I pay attention,,,,,,,,,,,,,,,,,,,,,,,,,,,,,4,4,4,3,,2,21,3,60365d2a3e78e5533e9a023b,trust only
2024-02-21 13:38:20,2024-02-21 13:41:17,0,86.175.110.172,100,176,1,2024-02-21 13:41:17,R_4pRkhA8Hc30JljC,,,,,52.6095,-2.1796,anonymous,EN,1,I pay attention,,,,,,,,,,,,,,,,,,,,,,,,,,,,,4,5,4,4,,1,31,2,6361bfe81e0da4a406b33f1e,trust only
2024-02-21 13:38:16,2024-02-21 13:41:18,0,82.27.69.9,100,181,1,2024-02-21 13:41:18,R_2I9pBwYGpM5Sely,,,,,53.0169,-2.2369,anonymous,EN,1,I pay attention,3,4,4,4,3,5,5,5,5,5,5,5,,,,,,,,,,,,,,,,,,,,,,1,37,5,5c039535d30e3200016dac93,all questions
2024-02-21 13:38:18,2024-02-21 13:41:22,0,172.58.125.108,100,183,1,2024-02-21 13:41:23,R_6QPAHQgO27x4KzP,,,,,42.3575,-83.2162,anonymous,EN,1,I pay attention,,,,,,,,,,,,,,,,,,,,,,,,,,,,,2,3,2,5,,1,34,2,5658000ca9872d0011e1ba26,trust only
2024-02-21 13:38:30,2024-02-21 13:41:24,0,90.249.22.25,100,173,1,2024-02-21 13:41:24,R_2EEbpemg58q3jqW,,,,,53.9188,-2.2095,anonymous,EN,1,I pay attention,,,,,,,,,,,,,,,,,,,,,,,,,,,,,4,3,4,4,,2,32,5,594c69ee4b07c400013aa466,trust only
2024-02-21 13:38:26,2024-02-21 13:41:25,0,86.179.78.252,100,178,1,2024-02-21 13:41:25,R_2WAPUKJJJmaAvJI,,,,,54.7079,-6.5289,anonymous,EN,1,I pay attention,,,,,,,,,,,,,,,,,,,,,,,,,,,,,3,2,4,4,,1,58,5,5e31a1526ef37a1879a94441,trust only
2024-02-21 13:38:24,2024-02-21 13:41:26,0,146.199.69.42,100,182,1,2024-02-21 13:41:27,R_2SudaQWJa9DticQ,,,,,51.5909,-1.3772,anonymous,EN,1,I pay attention,,,,,,,,,,,,,,,,,,,,,,,,,3,4,3,2,,,,,,2,59,7,57c426fa9fe51d00012391f1,trust only
2024-02-21 13:38:29,2024-02-21 13:41:28,0,82.25.36.140,100,178,1,2024-02-21 13:41:28,R_4hto4cNiK2exBMR,,,,,51.7639,-0.2236,anonymous,EN,1,I pay attention,,,,,,,,,,,,,,,,,,,,,,,,,,,,,4,4,4,4,,1,43,3,62db2644ab0a3a353c0dcb54,trust only
2024-02-21 13:38:44,2024-02-21 13:41:31,0,94.1.182.14,100,166,1,2024-02-21 13:41:32,R_6OPxXi1OXj3mLj1,,,,,51.1124,1.1539,anonymous,EN,1,"I pay attention ",2,3,2,2,2,4,4,4,4,3,2,4,,,,,,,,,,,,,,,,,,,,,,2,38,5,55cca8f81676ab000ff06ef1,all questions
2024-02-21 13:38:36,2024-02-21 13:41:34,0,70.56.193.110,100,178,1,2024-02-21 13:41:34,R_6DvsgnmjEBaqrcz,,,,,45.7511,-121.4723,anonymous,EN,1,I pay attention,3,5,3,4,5,4,3,4,4,4,5,3,,,,,,,,,,,,,,,,,,,,,,2,30,2,596bac33670f410001fe9c07,all questions
2024-02-21 13:38:39,2024-02-21 13:41:34,0,86.178.233.104,100,174,1,2024-02-21 13:41:35,R_4pQTQlLwl6HE4cu,,,,,52.642,-3.9506,anonymous,EN,1,I pay attention,,,,,,,,,,,,,4,5,5,5,5,4,4,3,4,4,4,5,,,,,,,,,,2,49,5,5e2c8f69cad44b2bc5ce9a34,all questions
2024-02-21 13:38:34,2024-02-21 13:41:35,0,86.143.106.76,100,181,1,2024-02-21 13:41:36,R_4POQ9LzLJwlslRD,,,,,51.4126,-0.3086,anonymous,EN,1,I pay attention,2,3,4,3,3,4,3,4,4,5,5,4,,,,,,,,,,,,,,,,,,,,,,1,41,5,63d13c076dd249ca3a6bffbb,all questions
2024-02-21 13:39:18,2024-02-21 13:41:37,0,86.141.210.183,100,138,1,2024-02-21 13:41:37,R_8lNh1ecdhN2HI5P,,,,,53.4972,-1.1808,anonymous,EN,1,I pay attention,2,2,3,2,3,3,2,2,3,2,2,2,,,,,,,,,,,,,,,,,,,,,,2,37,5,5b27587e007d870001c7de84,all questions
2024-02-21 13:38:18,2024-02-21 13:41:39,0,107.127.14.10,100,201,1,2024-02-21 13:41:40,R_6sTqN4hVHcpw0Kd,,,,,38.687,-121.3477,anonymous,EN,1,I pay attention,,,,,,,,,,,,,5,4,5,3,3,5,1,1,1,1,1,5,,,,,,,,,,1,27,3,5f5e32a0d6a12c6857b8e127,all questions
2024-02-21 13:38:26,2024-02-21 13:41:43,0,92.40.201.99,100,196,1,2024-02-21 13:41:44,R_3QtuOqDC5amaRjR,,,,,54.9735,-1.5673,anonymous,EN,1,I pay attention,2,3,2,2,2,4,3,4,4,3,2,2,,,,,,,,,,,,,,,,,,,,,,2,53,6,5a0c036857cee70001767a58,all questions
2024-02-21 13:38:29,2024-02-21 13:41:45,0,152.78.0.24,100,196,1,2024-02-21 13:41:46,R_6iC1YhiV4YxWChg,,,,,50.9469,-1.4112,anonymous,EN,1,I pay attention,4,4,3,4,4,4,4,3,4,4,4,4,,,,,,,,,,,,,,,,,,,,,,1,38,2,62dba63c6e7bd6308f5a7a13,all questions
2024-02-21 13:38:22,2024-02-21 13:41:51,0,92.12.167.240,100,208,1,2024-02-21 13:41:51,R_4PXoXQPCBuJKxng,,,,,54.8021,-1.4376,anonymous,EN,1,I pay attention,,,,,,,,,,,,,,,,,,,,,,,,,4,5,4,4,,,,,,1,24,6,6103e1d7b7c388fda60e0bf6,trust only
2024-02-21 13:38:28,2024-02-21 13:41:59,0,82.42.117.1,100,211,1,2024-02-21 13:42:00,R_4jVPQRZnhsoMV9U,,,,,53.4113,-2.9759,anonymous,EN,1,I pay attention,,,,,,,,,,,,,,,,,,,,,,,,,,,,,4,4,4,4,,1,46,2,5da760eae8174b001640d369,trust only
2024-02-21 13:38:29,2024-02-21 13:42:00,0,31.94.30.41,100,210,1,2024-02-21 13:42:00,R_4CkYHqmBnKuzvrj,,,,,53.4802,-2.1867,anonymous,EN,1,I pay attention,1,1,1,1,1,5,4,4,5,4,3,5,,,,,,,,,,,,,,,,,,,,,,1,45,2,5dc5da21d999de45a504651b,all questions
2024-02-21 13:38:38,2024-02-21 13:42:02,0,90.216.34.128,100,203,1,2024-02-21 13:42:03,R_4BAzwcoT8TygfsZ,,,,,53.6235,-2.3352,anonymous,EN,1,I pay attention,,,,,,,,,,,,,4,4,5,5,5,4,3,2,4,4,4,4,,,,,,,,,,2,40,6,588a4cbb670d6600012bd509,all questions
2024-02-21 13:38:47,2024-02-21 13:42:05,0,86.152.139.186,100,198,1,2024-02-21 13:42:06,R_4mUz8LFyL9uwuDn,,,,,50.7533,-1.6571,anonymous,EN,1,I pay attention,,,,,,,,,,,,,,,,,,,,,,,,,3,4,4,4,,,,,,2,66,5,5a04c1833bedc3000100df31,trust only
2024-02-21 13:38:29,2024-02-21 13:42:09,0,90.203.180.218,100,220,1,2024-02-21 13:42:09,R_8vhinzEK6CfYUV3,,,,,51.5199,-3.3778,anonymous,EN,1,I pay attention,,,,,,,,,,,,,,,,,,,,,,,,,,,,,3,4,4,4,,1,37,5,654f97432dbb8563cf98d7c3,trust only
2024-02-21 13:38:41,2024-02-21 13:42:15,0,82.17.38.216,100,214,1,2024-02-21 13:42:16,R_4qs19bCn8PMalDd,,,,,53.7095,-1.4993,anonymous,EN,1,i pay attention,,,,,,,,,,,,,,,,,,,,,,,,,5,4,4,3,,,,,,1,54,3,611f8186d06a9e1844f3e012,trust only
2024-02-21 13:38:29,2024-02-21 13:42:17,0,188.29.127.69,100,228,1,2024-02-21 13:42:18,R_8ztPog71kPpmsPi,,,,,51.5507,-0.0537,anonymous,EN,1,I pay attention,,,,,,,,,,,,,,,,,,,,,,,,,2,4,2,4,,,,,,2,54,1,5c5ca0ce4ee81200018eaf51,trust only
2024-02-21 13:38:40,2024-02-21 13:42:19,0,78.151.25.143,100,218,1,2024-02-21 13:42:19,R_2m8EUjYSo2aIJN0,,,,,53.4174,-2.9112,anonymous,EN,1,i pay attention,3,3,3,2,3,4,4,5,5,4,4,4,,,,,,,,,,,,,,,,,,,,,,2,36,2,5dbb0562b1df1b110ead5bba,all questions
2024-02-21 13:38:33,2024-02-21 13:42:21,0,86.8.61.156,100,228,1,2024-02-21 13:42:22,R_6ge5vKv1YGLS73H,,,,,53.4698,-3.0024,anonymous,EN,1,I pay attention,,,,,,,,,,,,,5,5,4,4,5,5,3,3,4,4,4,5,,,,,,,,,,2,34,5,5e185c397eeb87000d989683,all questions
2024-02-21 13:38:35,2024-02-21 13:42:26,0,70.112.80.230,100,230,1,2024-02-21 13:42:26,R_7GfklOMKBTMcte4,,,,,33.0928,-96.6454,anonymous,EN,1,I pay attention,,,,,,,,,,,,,4,4,4,4,5,5,4,4,4,4,4,3,,,,,,,,,,2,40,6,615dbec57d764bf5ab0a56e5,all questions
2024-02-21 13:38:31,2024-02-21 13:42:28,0,217.42.105.6,100,236,1,2024-02-21 13:42:28,R_4AtnjY6pYoAqIwx,,,,,52.0605,1.2358,anonymous,EN,1,I pay attention,3,3,2,2,3,4,4,4,3,2,3,4,,,,,,,,,,,,,,,,,,,,,,2,31,3,5aead7e42ef8f800014af4a5,all questions
2024-02-21 13:38:35,2024-02-21 13:42:29,0,146.199.209.164,100,234,1,2024-02-21 13:42:30,R_4jDhOo78XkFaKK5,,,,,53.289,-3.7684,anonymous,EN,1,I pay attention,,,,,,,,,,,,,4,4,4,4,4,4,3,2,4,4,3,4,,,,,,,,,,2,52,4,5dc6dbf63f04554df78c2bf7,all questions
2024-02-21 13:38:25,2024-02-21 13:42:32,0,81.157.87.187,100,247,1,2024-02-21 13:42:33,R_4jSOFyXd41lu68J,,,,,51.3593,-2.9232,anonymous,EN,1,I pay attention,,,,,,,,,,,,,,,,,,,,,,,,,,,,,4,4,3,4,,2,61,2,5c0873675b32d500012e3f2c,trust only
2024-02-21 13:38:34,2024-02-21 13:42:36,0,82.14.103.140,100,242,1,2024-02-21 13:42:36,R_2YWmcvAx8ws99iq,,,,,53.5332,-2.6117,anonymous,EN,1,I pay attention,,,,,,,,,,,,,3,3,3,3,3,4,1,1,3,3,3,4,,,,,,,,,,2,47,8,5c6453fbe4fd44000167bfed,all questions
2024-02-21 13:38:41,2024-02-21 13:42:44,0,162.221.131.18,100,242,1,2024-02-21 13:42:44,R_7ZEWWOf2tr8vj7r,,,,,36.4679,-83.5543,anonymous,EN,1,I pay attention,3,4,4,4,4,4,3,5,5,5,5,5,,,,,,,,,,,,,,,,,,,,,,1,47,2,5d42486206811e001ada5b4b,all questions
2024-02-21 13:38:38,2024-02-21 13:42:50,0,86.183.54.243,100,251,1,2024-02-21 13:42:50,R_4vd9HuKyV5vaqAx,,,,,56.3254,-3.3457,anonymous,EN,1,I pay attention,,,,,,,,,,,,,4,5,5,3,4,4,1,1,3,3,3,3,,,,,,,,,,2,55,5,5ecd36302b4d3c05d4cc1ba2,all questions
2024-02-21 13:38:28,2024-02-21 13:42:56,0,92.4.66.185,100,268,1,2024-02-21 13:42:57,R_45Rll7HEixABCCZ,,,,,51.4108,-0.6754,anonymous,EN,1,I pay attention,,,,,,,,,,,,,,,,,,,,,,,,,4,4,3,4,,,,,,1,24,6,5de8d53cd0e07e836599d816,trust only
2024-02-21 13:38:13,2024-02-21 13:43:03,0,99.162.210.39,100,289,1,2024-02-21 13:43:03,R_5oN41HU97qmBFHY,,,,,30.3958,-81.6893,anonymous,EN,1,I pay attention,3,2,4,2,2,3,4,4,5,4,4,4,,,,,,,,,,,,,,,,,,,,,,1,47,5,60c4e1091b936c7b812e5af4,all questions
2024-02-21 13:38:23,2024-02-21 13:43:06,0,81.110.94.108,100,283,1,2024-02-21 13:43:06,R_8zT3Yqu4pwuEWy2,,,,,53.278,-2.9349,anonymous,EN,1,I pay attention,2,3,2,2,2,5,3,4,4,4,4,4,,,,,,,,,,,,,,,,,,,,,,2,46,2,5c4b4d5c2cfe4d00018485cc,all questions
2024-02-21 13:38:39,2024-02-21 13:43:11,0,81.187.55.29,100,271,1,2024-02-21 13:43:11,R_6cXIhQLAbI7OGLT,,,,,52.2451,-0.8237,anonymous,EN,1,I pay attention,5,4,4,4,4,5,5,4,5,5,4,5,,,,,,,,,,,,,,,,,,,,,,2,74,2,5c5cad3e4ee81200018eafe2,all questions
2024-02-21 13:38:54,2024-02-21 13:43:15,0,51.187.166.44,100,261,1,2024-02-21 13:43:16,R_2ONWO3lZwAaBQhI,,,,,51.5573,-0.2971,anonymous,EN,1,i pay attention,,,,,,,,,,,,,,,,,,,,,,,,,4,4,4,4,,,,,,2,26,5,5a24facd7413810001521f7a,trust only
2024-02-21 13:38:26,2024-02-21 13:43:16,0,109.155.160.91,100,290,1,2024-02-21 13:43:16,R_2QmZtWdrq9uwwIS,,,,,54.7699,-1.559,anonymous,EN,1,I pay attention,2,5,3,3,3,5,4,5,4,4,3,5,,,,,,,,,,,,,,,,,,,,,,1,55,3,5bb7b83ab791890001f4fd90,all questions
2024-02-21 13:38:51,2024-02-21 13:43:18,0,151.225.149.123,100,267,1,2024-02-21 13:43:19,R_72a2hBQUR2jqKW3,,,,,54.6581,-5.9045,anonymous,EN,1,I pay attention,,,,,,,,,,,,,,,,,,,,,,,,,,,,,5,4,4,3,,2,38,8,5bbb5e3f118c0600013c3202,trust only
2024-02-21 13:38:25,2024-02-21 13:43:26,0,86.180.183.25,100,300,1,2024-02-21 13:43:27,R_4ErSXMvEtLq2p8t,,,,,51.521,-3.2037,anonymous,EN,1,"I pay attention ",,,,,,,,,,,,,,,,,,,,,,,,,3,4,4,4,,,,,,1,28,5,572a04726fe43d000f0491de,trust only
2024-02-21 13:39:21,2024-02-21 13:43:32,0,109.148.27.100,100,250,1,2024-02-21 13:43:32,R_6OuGvE5vRTi6GRY,,,,,54.5571,-3.5903,anonymous,EN,1,I pay attention,,,,,,,,,,,,,,,,,,,,,,,,,4,3,3,1,,,,,,2,31,4,59cb95053306be000195be2e,trust only
2024-02-21 13:40:31,2024-02-21 13:43:34,0,51.9.79.203,100,182,1,2024-02-21 13:43:34,R_8rwEJbwmRBps6ns,,,,,50.9166,-1.2678,anonymous,EN,1,I pay attention,,,,,,,,,,,,,4,4,5,5,4,4,2,3,4,4,4,4,,,,,,,,,,1,46,6,6272f5f3d37c1c9e88c115a2,all questions
2024-02-21 13:38:39,2024-02-21 13:43:39,0,31.94.12.141,100,299,1,2024-02-21 13:43:39,R_6p590XcKOchkSGu,,,,,51.529,-0.06,anonymous,EN,1,"I pay attention ",,,,,,,,,,,,,,,,,,,,,,,,,,,,,4,4,4,4,,2,25,5,60074d72cd735e2251a31e76,trust only
2024-02-21 13:40:50,2024-02-21 13:43:50,0,82.18.50.63,100,179,1,2024-02-21 13:43:50,R_49y8Eoh38wDhrUt,,,,,54.9001,-1.4211,anonymous,EN,1,I pay attention,2,3,3,3,3,5,3,4,5,5,5,4,,,,,,,,,,,,,,,,,,,,,,1,31,5,62b8cd151b5fd0f9be7d1f11,all questions
2024-02-21 13:38:12,2024-02-21 13:43:59,0,92.30.191.99,100,347,1,2024-02-21 13:44:00,R_4RwiojEpZNXBso1,,,,,55.8857,-4.151,anonymous,EN,1,I pay attention,2,2,3,2,3,4,4,4,3,3,3,4,,,,,,,,,,,,,,,,,,,,,,1,28,3,59ccd702faf42e00012b68f5,all questions
2024-02-21 13:38:38,2024-02-21 13:44:02,0,80.192.16.187,100,324,1,2024-02-21 13:44:03,R_4sSIjnOknghLSin,,,,,56.0118,-4.594,anonymous,EN,1,I pay attention,2,2,3,3,2,5,4,3,3,3,2,4,,,,,,,,,,,,,,,,,,,,,,1,29,4,62d2c9d825a0449c13aa42cc,all questions
2024-02-21 13:38:28,2024-02-21 13:44:05,0,90.249.31.141,100,336,1,2024-02-21 13:44:05,R_4JwOMeYA9JfY2nT,,,,,54.8555,-1.7427,anonymous,EN,1,I pay attention,,,,,,,,,,,,,,,,,,,,,,,,,,,,,3,2,4,1,,2,44,6,5d384c97285d1400199a2886,trust only
2024-02-21 13:39:07,2024-02-21 13:44:08,0,95.144.251.20,100,300,1,2024-02-21 13:44:08,R_7xK4OpxT7ePmWEz,,,,,53.5133,-2.0373,anonymous,EN,1,I pay attention,,,,,,,,,,,,,5,5,5,5,5,4,3,3,4,4,5,3,,,,,,,,,,2,56,1,5cb4f4ec46ed130001d15b05,all questions
2024-02-21 13:42:52,2024-02-21 13:44:24,0,143.58.172.194,100,92,1,2024-02-21 13:44:24,R_4ZBYL2vx5SiTuUh,,,,,51.4828,-0.1371,anonymous,EN,1,I pay attention,,,,,,,,,,,,,,,,,,,,,,,,,,,,,3,1,3,2,,1,31,5,6015a903e9236e6c9be301d7,trust only
2024-02-21 13:38:38,2024-02-21 13:44:25,0,31.185.245.81,100,347,1,2024-02-21 13:44:25,R_43dWRyqgQRb3MTc,,,,,52.4007,1.5362,anonymous,EN,1,I pay attention,,,,,,,,,,,,,,,,,,,,,,,,,4,4,3,4,,,,,,2,55,4,5fcfb1fe79b8060e0662270a,trust only
2024-02-21 13:38:26,2024-02-21 13:45:01,0,2.218.61.166,100,395,1,2024-02-21 13:45:02,R_4oA7BsUNEAzcDoJ,,,,,51.6017,-0.0732,anonymous,EN,1,I pay attention,,,,,,,,,,,,,1,2,3,3,3,3,1,1,2,3,3,3,,,,,,,,,,1,42,3,5c00043a6d931200019bcb9b,all questions
2024-02-21 13:40:46,2024-02-21 13:45:03,0,82.27.80.39,100,257,1,2024-02-21 13:45:04,R_5mg5oBeoCSTp8Iw,,,,,50.9158,-1.3601,anonymous,EN,1,I pay attention,,,,,,,,,,,,,5,5,5,4,4,4,3,3,3,2,2,3,,,,,,,,,,1,46,2,5da74713c2a70a0015a1297b,all questions
2024-02-21 13:38:22,2024-02-21 13:45:13,0,82.8.195.189,100,410,1,2024-02-21 13:45:14,R_4QJCCxKVIhnpTDY,,,,,53.4067,-2.5637,anonymous,EN,1,i pay attention,,,,,,,,,,,,,,,,,,,,,,,,,5,5,5,5,,,,,,1,35,3,5e1b2b3e4a955b350b1e0a63,trust only
2024-02-21 13:38:27,2024-02-21 13:45:34,0,139.133.155.128,100,426,1,2024-02-21 13:45:35,R_4uUnHM86LxCYoLY,,,,,57.1453,-2.0945,anonymous,EN,1,I pay attention,5,5,5,2,4,5,5,5,4,4,4,5,,,,,,,,,,,,,,,,,,,,,,2,43,5,60b8a2ea5eb4ad8ae98302f9,all questions
2024-02-21 13:38:39,2024-02-21 13:45:53,0,5.64.241.245,100,434,1,2024-02-21 13:45:54,R_4IjeAozs1BbRM2O,,,,,51.9367,-0.51,anonymous,EN,1,I pay attention,,,,,,,,,,,,,3,4,3,3,3,4,3,2,3,3,3,4,,,,,,,,,,2,26,6,5e399832a6df461b2f4db341,all questions
2024-02-21 13:41:24,2024-02-21 13:46:19,0,5.69.209.196,100,294,1,2024-02-21 13:46:20,R_8bNsShYcTZTEHD3,,,,,51.5577,-1.7767,anonymous,EN,1,I pay attention,,,,,,,,,,,,,,,,,,,,,,,,,4,4,4,4,,,,,,2,33,2,64f3036a5b5f2feae0b1f51b,trust only
2024-02-21 13:41:54,2024-02-21 13:46:48,0,81.77.249.243,100,294,1,2024-02-21 13:46:49,R_7rqd4WMhbnuB2yB,,,,,51.5209,-3.0915,anonymous,EN,1,I pay attention,2,3,4,3,3,4,4,5,4,4,4,5,,,,,,,,,,,,,,,,,,,,,,1,31,5,62b44f66a16d45783569fad6,all questions
2024-02-21 13:41:49,2024-02-21 13:46:56,0,71.70.64.51,100,306,1,2024-02-21 13:46:57,R_7kP420zJzFCku4N,,,,,33.9875,-81.0025,anonymous,EN,1,I pay attention,2,3,1,1,1,4,2,3,2,1,2,3,,,,,,,,,,,,,,,,,,,,,,1,34,3,5ee5e3b02eebe932ee9559c5,all questions
2024-02-21 13:44:49,2024-02-21 13:47:12,0,217.41.37.63,100,142,1,2024-02-21 13:47:12,R_7Oi5JUL9fF6KWPf,,,,,51.5955,0.6743,anonymous,EN,1,I pay attention,,,,,,,,,,,,,,,,,,,,,,,,,3,4,4,4,,,,,,1,37,6,59b69d4fb269ef0001801733,trust only
2024-02-21 13:38:36,2024-02-21 13:49:34,0,92.40.190.56,100,657,1,2024-02-21 13:49:35,R_74qtGwrnS46YThA,,,,,52.9029,-1.5046,anonymous,EN,1,"""I pay attention""",,,,,,,,,,,,,5,4,4,3,3,4,4,3,4,4,4,3,,,,,,,,,,2,28,3,5c59d4b3a02a200001f9b8c4,all questions
2024-02-21 13:43:52,2024-02-21 13:52:04,0,5.133.46.69,100,492,1,2024-02-21 13:52:05,R_3koyo3ega9jLvXE,,,,,51.3295,0.578,anonymous,EN,1,I pay attention,,,,,,,,,,,,,5,5,4,3,3,4,5,4,3,3,4,4,,,,,,,,,,2,28,5,6100105892a2248ae5d48498,all questions
2024-02-21 13:49:14,2024-02-21 13:54:44,0,94.6.148.114,100,330,1,2024-02-21 13:54:45,R_47d2z7iWDg2mDb3,,,,,55.0776,-1.5862,anonymous,EN,1,I pay attention,,,,,,,,,,,,,,,,,,,,,,,,,,,,,4,3,4,4,,1,31,6,5c0bac19796adb00017dffcf,trust only
2024-02-21 13:38:23,2024-02-21 14:01:43,0,51.148.65.82,100,1399,1,2024-02-21 14:01:43,R_2oFLzPcBCjfDwNu,,,,,53.3301,-2.992,anonymous,EN,1,I pay attention,,,,,,,,,,,,,5,5,4,4,5,4,2,2,3,3,3,3,,,,,,,,,,1,42,2,604a4755d62e5590404b5426,all questions
2024-02-21 14:22:04,2024-02-21 14:25:26,0,84.71.175.231,100,201,1,2024-02-21 14:25:26,R_4sdnlF8S8sxINt3,,,,,51.6013,-0.2636,anonymous,EN,1,I pay attention,2,2,3,2,2,4,3,4,3,3,2,4,,,,,,,,,,,,,,,,,,,,,,1,48,5,62e02b26e879244a99e852fa,all questions
