subject_id,discipline,coder,knowledge_dim,rating
65,archeo,c1,archeo1,0
65,archeo,c1,archeo2,2
65,archeo,c1,archeo3,0
65,archeo,c1,archeo4,2
65,archeo,c1,archeo5,2
65,archeo,c1,archeo6,1
65,archeo,c1,archeo7,1
65,archeo,c1,archeo8,1
65,archeo,c1,total,9
65,archeo,c2,archeo1,0
65,archeo,c2,archeo2,0
65,archeo,c2,archeo3,0
65,archeo,c2,archeo4,2
65,archeo,c2,archeo5,1
65,archeo,c2,archeo6,0
65,archeo,c2,archeo7,0
65,archeo,c2,archeo8,0
65,archeo,c2,total,3
65,archeo,cGPT,archeo1,0
65,archeo,cGPT,archeo2,0
65,archeo,cGPT,archeo3,0
65,archeo,cGPT,archeo4,2
65,archeo,cGPT,archeo5,1
65,archeo,cGPT,archeo6,1
65,archeo,cGPT,archeo7,1
65,archeo,cGPT,archeo8,1
65,archeo,cGPT,total,6
65,archeo,c1,totalp,0.5625
65,archeo,c2,totalp,0.1875
65,archeo,cGPT,totalp,0.375
35,archeo,c1,archeo1,2
35,archeo,c1,archeo2,2
35,archeo,c1,archeo3,0
35,archeo,c1,archeo4,0
35,archeo,c1,archeo5,0
35,archeo,c1,archeo6,0
35,archeo,c1,archeo7,0
35,archeo,c1,archeo8,0
35,archeo,c1,total,4
35,archeo,c2,archeo1,1
35,archeo,c2,archeo2,1
35,archeo,c2,archeo3,0
35,archeo,c2,archeo4,0
35,archeo,c2,archeo5,0
35,archeo,c2,archeo6,0
35,archeo,c2,archeo7,0
35,archeo,c2,archeo8,0
35,archeo,c2,total,2
35,archeo,cGPT,archeo1,2
35,archeo,cGPT,archeo2,2
35,archeo,cGPT,archeo3,0
35,archeo,cGPT,archeo4,0
35,archeo,cGPT,archeo5,0
35,archeo,cGPT,archeo6,0
35,archeo,cGPT,archeo7,0
35,archeo,cGPT,archeo8,0
35,archeo,cGPT,total,4
35,archeo,c1,totalp,0.25
35,archeo,c2,totalp,0.125
35,archeo,cGPT,totalp,0.25
186,archeo,c1,archeo1,2
186,archeo,c1,archeo2,2
186,archeo,c1,archeo3,0
186,archeo,c1,archeo4,0
186,archeo,c1,archeo5,0
186,archeo,c1,archeo6,0
186,archeo,c1,archeo7,0
186,archeo,c1,archeo8,0
186,archeo,c1,total,4
186,archeo,c2,archeo1,0
186,archeo,c2,archeo2,2
186,archeo,c2,archeo3,0
186,archeo,c2,archeo4,0
186,archeo,c2,archeo5,0
186,archeo,c2,archeo6,0
186,archeo,c2,archeo7,0
186,archeo,c2,archeo8,0
186,archeo,c2,total,2
186,archeo,cGPT,archeo1,0
186,archeo,cGPT,archeo2,1
186,archeo,cGPT,archeo3,0
186,archeo,cGPT,archeo4,0
186,archeo,cGPT,archeo5,0
186,archeo,cGPT,archeo6,0
186,archeo,cGPT,archeo7,0
186,archeo,cGPT,archeo8,0
186,archeo,cGPT,total,1
186,archeo,c1,totalp,0.25
186,archeo,c2,totalp,0.125
186,archeo,cGPT,totalp,0.0625
161,archeo,c1,archeo1,2
161,archeo,c1,archeo2,2
161,archeo,c1,archeo3,2
161,archeo,c1,archeo4,2
161,archeo,c1,archeo5,2
161,archeo,c1,archeo6,2
161,archeo,c1,archeo7,1
161,archeo,c1,archeo8,0
161,archeo,c1,total,13
161,archeo,c2,archeo1,0
161,archeo,c2,archeo2,0
161,archeo,c2,archeo3,0
161,archeo,c2,archeo4,2
161,archeo,c2,archeo5,2
161,archeo,c2,archeo6,1
161,archeo,c2,archeo7,0
161,archeo,c2,archeo8,0
161,archeo,c2,total,5
161,archeo,cGPT,archeo1,2
161,archeo,cGPT,archeo2,2
161,archeo,cGPT,archeo3,2
161,archeo,cGPT,archeo4,2
161,archeo,cGPT,archeo5,1
161,archeo,cGPT,archeo6,2
161,archeo,cGPT,archeo7,1
161,archeo,cGPT,archeo8,0
161,archeo,cGPT,total,12
161,archeo,c1,totalp,0.8125
161,archeo,c2,totalp,0.3125
161,archeo,cGPT,totalp,0.75
66,archeo,c1,archeo1,1
66,archeo,c1,archeo2,0
66,archeo,c1,archeo3,0
66,archeo,c1,archeo4,0
66,archeo,c1,archeo5,1
66,archeo,c1,archeo6,2
66,archeo,c1,archeo7,0
66,archeo,c1,archeo8,0
66,archeo,c1,total,4
66,archeo,c2,archeo1,0
66,archeo,c2,archeo2,0
66,archeo,c2,archeo3,0
66,archeo,c2,archeo4,0
66,archeo,c2,archeo5,0
66,archeo,c2,archeo6,1
66,archeo,c2,archeo7,0
66,archeo,c2,archeo8,0
66,archeo,c2,total,1
66,archeo,cGPT,archeo1,2
66,archeo,cGPT,archeo2,0
66,archeo,cGPT,archeo3,0
66,archeo,cGPT,archeo4,0
66,archeo,cGPT,archeo5,0
66,archeo,cGPT,archeo6,1
66,archeo,cGPT,archeo7,1
66,archeo,cGPT,archeo8,0
66,archeo,cGPT,total,4
66,archeo,c1,totalp,0.25
66,archeo,c2,totalp,0.0625
66,archeo,cGPT,totalp,0.25
144,archeo,c1,archeo1,2
144,archeo,c1,archeo2,0
144,archeo,c1,archeo3,0
144,archeo,c1,archeo4,2
144,archeo,c1,archeo5,1
144,archeo,c1,archeo6,1
144,archeo,c1,archeo7,0
144,archeo,c1,archeo8,0
144,archeo,c1,total,6
144,archeo,c2,archeo1,2
144,archeo,c2,archeo2,0
144,archeo,c2,archeo3,0
144,archeo,c2,archeo4,2
144,archeo,c2,archeo5,0
144,archeo,c2,archeo6,0
144,archeo,c2,archeo7,0
144,archeo,c2,archeo8,0
144,archeo,c2,total,4
144,archeo,cGPT,archeo1,2
144,archeo,cGPT,archeo2,0
144,archeo,cGPT,archeo3,0
144,archeo,cGPT,archeo4,2
144,archeo,cGPT,archeo5,1
144,archeo,cGPT,archeo6,1
144,archeo,cGPT,archeo7,1
144,archeo,cGPT,archeo8,0
144,archeo,cGPT,total,7
144,archeo,c1,totalp,0.375
144,archeo,c2,totalp,0.25
144,archeo,cGPT,totalp,0.4375
192,archeo,c1,archeo1,0
192,archeo,c1,archeo2,0
192,archeo,c1,archeo3,0
192,archeo,c1,archeo4,1
192,archeo,c1,archeo5,1
192,archeo,c1,archeo6,1
192,archeo,c1,archeo7,0
192,archeo,c1,archeo8,0
192,archeo,c1,total,3
192,archeo,c2,archeo1,0
192,archeo,c2,archeo2,0
192,archeo,c2,archeo3,0
192,archeo,c2,archeo4,0
192,archeo,c2,archeo5,1
192,archeo,c2,archeo6,1
192,archeo,c2,archeo7,0
192,archeo,c2,archeo8,0
192,archeo,c2,total,2
192,archeo,cGPT,archeo1,0
192,archeo,cGPT,archeo2,0
192,archeo,cGPT,archeo3,0
192,archeo,cGPT,archeo4,1
192,archeo,cGPT,archeo5,1
192,archeo,cGPT,archeo6,0
192,archeo,cGPT,archeo7,0
192,archeo,cGPT,archeo8,0
192,archeo,cGPT,total,2
192,archeo,c1,totalp,0.1875
192,archeo,c2,totalp,0.125
192,archeo,cGPT,totalp,0.125
77,archeo,c1,archeo1,1
77,archeo,c1,archeo2,1
77,archeo,c1,archeo3,0
77,archeo,c1,archeo4,1
77,archeo,c1,archeo5,0
77,archeo,c1,archeo6,0
77,archeo,c1,archeo7,0
77,archeo,c1,archeo8,0
77,archeo,c1,total,3
77,archeo,c2,archeo1,1
77,archeo,c2,archeo2,1
77,archeo,c2,archeo3,0
77,archeo,c2,archeo4,1
77,archeo,c2,archeo5,0
77,archeo,c2,archeo6,0
77,archeo,c2,archeo7,0
77,archeo,c2,archeo8,0
77,archeo,c2,total,3
77,archeo,cGPT,archeo1,2
77,archeo,cGPT,archeo2,1
77,archeo,cGPT,archeo3,1
77,archeo,cGPT,archeo4,1
77,archeo,cGPT,archeo5,0
77,archeo,cGPT,archeo6,0
77,archeo,cGPT,archeo7,0
77,archeo,cGPT,archeo8,0
77,archeo,cGPT,total,5
77,archeo,c1,totalp,0.1875
77,archeo,c2,totalp,0.1875
77,archeo,cGPT,totalp,0.3125
171,archeo,c1,archeo1,2
171,archeo,c1,archeo2,2
171,archeo,c1,archeo3,2
171,archeo,c1,archeo4,2
171,archeo,c1,archeo5,2
171,archeo,c1,archeo6,2
171,archeo,c1,archeo7,1
171,archeo,c1,archeo8,2
171,archeo,c1,total,15
171,archeo,c2,archeo1,2
171,archeo,c2,archeo2,2
171,archeo,c2,archeo3,2
171,archeo,c2,archeo4,2
171,archeo,c2,archeo5,0
171,archeo,c2,archeo6,1
171,archeo,c2,archeo7,1
171,archeo,c2,archeo8,0
171,archeo,c2,total,10
171,archeo,cGPT,archeo1,2
171,archeo,cGPT,archeo2,2
171,archeo,cGPT,archeo3,2
171,archeo,cGPT,archeo4,2
171,archeo,cGPT,archeo5,1
171,archeo,cGPT,archeo6,1
171,archeo,cGPT,archeo7,2
171,archeo,cGPT,archeo8,1
171,archeo,cGPT,total,13
171,archeo,c1,totalp,0.9375
171,archeo,c2,totalp,0.625
171,archeo,cGPT,totalp,0.8125
168,archeo,c1,archeo1,2
168,archeo,c1,archeo2,2
168,archeo,c1,archeo3,2
168,archeo,c1,archeo4,1
168,archeo,c1,archeo5,0
168,archeo,c1,archeo6,0
168,archeo,c1,archeo7,0
168,archeo,c1,archeo8,0
168,archeo,c1,total,7
168,archeo,c2,archeo1,1
168,archeo,c2,archeo2,1
168,archeo,c2,archeo3,0
168,archeo,c2,archeo4,0
168,archeo,c2,archeo5,0
168,archeo,c2,archeo6,0
168,archeo,c2,archeo7,0
168,archeo,c2,archeo8,0
168,archeo,c2,total,2
168,archeo,cGPT,archeo1,1
168,archeo,cGPT,archeo2,1
168,archeo,cGPT,archeo3,1
168,archeo,cGPT,archeo4,1
168,archeo,cGPT,archeo5,0
168,archeo,cGPT,archeo6,0
168,archeo,cGPT,archeo7,0
168,archeo,cGPT,archeo8,0
168,archeo,cGPT,total,4
168,archeo,c1,totalp,0.4375
168,archeo,c2,totalp,0.125
168,archeo,cGPT,totalp,0.25
53,archeo,c1,archeo1,2
53,archeo,c1,archeo2,2
53,archeo,c1,archeo3,2
53,archeo,c1,archeo4,0
53,archeo,c1,archeo5,0
53,archeo,c1,archeo6,0
53,archeo,c1,archeo7,1
53,archeo,c1,archeo8,0
53,archeo,c1,total,7
53,archeo,c2,archeo1,2
53,archeo,c2,archeo2,1
53,archeo,c2,archeo3,0
53,archeo,c2,archeo4,0
53,archeo,c2,archeo5,0
53,archeo,c2,archeo6,0
53,archeo,c2,archeo7,0
53,archeo,c2,archeo8,0
53,archeo,c2,total,3
53,archeo,cGPT,archeo1,2
53,archeo,cGPT,archeo2,0
53,archeo,cGPT,archeo3,2
53,archeo,cGPT,archeo4,0
53,archeo,cGPT,archeo5,0
53,archeo,cGPT,archeo6,0
53,archeo,cGPT,archeo7,0
53,archeo,cGPT,archeo8,0
53,archeo,cGPT,total,4
53,archeo,c1,totalp,0.4375
53,archeo,c2,totalp,0.1875
53,archeo,cGPT,totalp,0.25
154,archeo,c1,archeo1,2
154,archeo,c1,archeo2,2
154,archeo,c1,archeo3,2
154,archeo,c1,archeo4,2
154,archeo,c1,archeo5,2
154,archeo,c1,archeo6,2
154,archeo,c1,archeo7,2
154,archeo,c1,archeo8,2
154,archeo,c1,total,16
154,archeo,c2,archeo1,2
154,archeo,c2,archeo2,2
154,archeo,c2,archeo3,2
154,archeo,c2,archeo4,2
154,archeo,c2,archeo5,1
154,archeo,c2,archeo6,1
154,archeo,c2,archeo7,1
154,archeo,c2,archeo8,1
154,archeo,c2,total,12
154,archeo,cGPT,archeo1,2
154,archeo,cGPT,archeo2,2
154,archeo,cGPT,archeo3,2
154,archeo,cGPT,archeo4,1
154,archeo,cGPT,archeo5,1
154,archeo,cGPT,archeo6,1
154,archeo,cGPT,archeo7,1
154,archeo,cGPT,archeo8,1
154,archeo,cGPT,total,11
154,archeo,c1,totalp,1
154,archeo,c2,totalp,0.75
154,archeo,cGPT,totalp,0.6875
100,archeo,c1,archeo1,2
100,archeo,c1,archeo2,0
100,archeo,c1,archeo3,0
100,archeo,c1,archeo4,1
100,archeo,c1,archeo5,0
100,archeo,c1,archeo6,1
100,archeo,c1,archeo7,0
100,archeo,c1,archeo8,0
100,archeo,c1,total,4
100,archeo,c2,archeo1,2
100,archeo,c2,archeo2,0
100,archeo,c2,archeo3,0
100,archeo,c2,archeo4,0
100,archeo,c2,archeo5,1
100,archeo,c2,archeo6,0
100,archeo,c2,archeo7,0
100,archeo,c2,archeo8,0
100,archeo,c2,total,3
100,archeo,cGPT,archeo1,2
100,archeo,cGPT,archeo2,0
100,archeo,cGPT,archeo3,0
100,archeo,cGPT,archeo4,1
100,archeo,cGPT,archeo5,1
100,archeo,cGPT,archeo6,0
100,archeo,cGPT,archeo7,0
100,archeo,cGPT,archeo8,0
100,archeo,cGPT,total,4
100,archeo,c1,totalp,0.25
100,archeo,c2,totalp,0.1875
100,archeo,cGPT,totalp,0.25
181,archeo,c1,archeo1,0
181,archeo,c1,archeo2,0
181,archeo,c1,archeo3,0
181,archeo,c1,archeo4,2
181,archeo,c1,archeo5,1
181,archeo,c1,archeo6,1
181,archeo,c1,archeo7,2
181,archeo,c1,archeo8,2
181,archeo,c1,total,8
181,archeo,c2,archeo1,0
181,archeo,c2,archeo2,0
181,archeo,c2,archeo3,0
181,archeo,c2,archeo4,2
181,archeo,c2,archeo5,0
181,archeo,c2,archeo6,0
181,archeo,c2,archeo7,2
181,archeo,c2,archeo8,0
181,archeo,c2,total,4
181,archeo,cGPT,archeo1,0
181,archeo,cGPT,archeo2,0
181,archeo,cGPT,archeo3,0
181,archeo,cGPT,archeo4,2
181,archeo,cGPT,archeo5,0
181,archeo,cGPT,archeo6,0
181,archeo,cGPT,archeo7,2
181,archeo,cGPT,archeo8,1
181,archeo,cGPT,total,5
181,archeo,c1,totalp,0.5
181,archeo,c2,totalp,0.25
181,archeo,cGPT,totalp,0.3125
155,archeo,c1,archeo1,1
155,archeo,c1,archeo2,1
155,archeo,c1,archeo3,0
155,archeo,c1,archeo4,2
155,archeo,c1,archeo5,1
155,archeo,c1,archeo6,2
155,archeo,c1,archeo7,1
155,archeo,c1,archeo8,0
155,archeo,c1,total,8
155,archeo,c2,archeo1,1
155,archeo,c2,archeo2,1
155,archeo,c2,archeo3,1
155,archeo,c2,archeo4,2
155,archeo,c2,archeo5,1
155,archeo,c2,archeo6,1
155,archeo,c2,archeo7,0
155,archeo,c2,archeo8,0
155,archeo,c2,total,7
155,archeo,cGPT,archeo1,1
155,archeo,cGPT,archeo2,1
155,archeo,cGPT,archeo3,0
155,archeo,cGPT,archeo4,2
155,archeo,cGPT,archeo5,1
155,archeo,cGPT,archeo6,1
155,archeo,cGPT,archeo7,1
155,archeo,cGPT,archeo8,0
155,archeo,cGPT,total,7
155,archeo,c1,totalp,0.5
155,archeo,c2,totalp,0.4375
155,archeo,cGPT,totalp,0.4375
126,archeo,c1,archeo1,2
126,archeo,c1,archeo2,2
126,archeo,c1,archeo3,2
126,archeo,c1,archeo4,2
126,archeo,c1,archeo5,0
126,archeo,c1,archeo6,0
126,archeo,c1,archeo7,1
126,archeo,c1,archeo8,0
126,archeo,c1,total,9
126,archeo,c2,archeo1,1
126,archeo,c2,archeo2,1
126,archeo,c2,archeo3,0
126,archeo,c2,archeo4,1
126,archeo,c2,archeo5,0
126,archeo,c2,archeo6,0
126,archeo,c2,archeo7,1
126,archeo,c2,archeo8,0
126,archeo,c2,total,4
126,archeo,cGPT,archeo1,2
126,archeo,cGPT,archeo2,2
126,archeo,cGPT,archeo3,1
126,archeo,cGPT,archeo4,1
126,archeo,cGPT,archeo5,0
126,archeo,cGPT,archeo6,0
126,archeo,cGPT,archeo7,1
126,archeo,cGPT,archeo8,0
126,archeo,cGPT,total,7
126,archeo,c1,totalp,0.5625
126,archeo,c2,totalp,0.25
126,archeo,cGPT,totalp,0.4375
69,archeo,c1,archeo1,2
69,archeo,c1,archeo2,2
69,archeo,c1,archeo3,2
69,archeo,c1,archeo4,2
69,archeo,c1,archeo5,2
69,archeo,c1,archeo6,2
69,archeo,c1,archeo7,1
69,archeo,c1,archeo8,2
69,archeo,c1,total,15
69,archeo,c2,archeo1,2
69,archeo,c2,archeo2,1
69,archeo,c2,archeo3,1
69,archeo,c2,archeo4,2
69,archeo,c2,archeo5,1
69,archeo,c2,archeo6,1
69,archeo,c2,archeo7,1
69,archeo,c2,archeo8,1
69,archeo,c2,total,10
69,archeo,cGPT,archeo1,2
69,archeo,cGPT,archeo2,2
69,archeo,cGPT,archeo3,2
69,archeo,cGPT,archeo4,2
69,archeo,cGPT,archeo5,2
69,archeo,cGPT,archeo6,2
69,archeo,cGPT,archeo7,1
69,archeo,cGPT,archeo8,2
69,archeo,cGPT,total,15
69,archeo,c1,totalp,0.9375
69,archeo,c2,totalp,0.625
69,archeo,cGPT,totalp,0.9375
8,archeo,c1,archeo1,2
8,archeo,c1,archeo2,2
8,archeo,c1,archeo3,0
8,archeo,c1,archeo4,2
8,archeo,c1,archeo5,2
8,archeo,c1,archeo6,2
8,archeo,c1,archeo7,2
8,archeo,c1,archeo8,2
8,archeo,c1,total,14
8,archeo,c2,archeo1,2
8,archeo,c2,archeo2,2
8,archeo,c2,archeo3,0
8,archeo,c2,archeo4,2
8,archeo,c2,archeo5,1
8,archeo,c2,archeo6,1
8,archeo,c2,archeo7,2
8,archeo,c2,archeo8,0
8,archeo,c2,total,10
8,archeo,cGPT,archeo1,1
8,archeo,cGPT,archeo2,1
8,archeo,cGPT,archeo3,0
8,archeo,cGPT,archeo4,2
8,archeo,cGPT,archeo5,1
8,archeo,cGPT,archeo6,0
8,archeo,cGPT,archeo7,1
8,archeo,cGPT,archeo8,1
8,archeo,cGPT,total,7
8,archeo,c1,totalp,0.875
8,archeo,c2,totalp,0.625
8,archeo,cGPT,totalp,0.4375
13,archeo,c1,archeo1,0
13,archeo,c1,archeo2,0
13,archeo,c1,archeo3,0
13,archeo,c1,archeo4,0
13,archeo,c1,archeo5,0
13,archeo,c1,archeo6,0
13,archeo,c1,archeo7,0
13,archeo,c1,archeo8,0
13,archeo,c1,total,0
13,archeo,c2,archeo1,0
13,archeo,c2,archeo2,0
13,archeo,c2,archeo3,0
13,archeo,c2,archeo4,0
13,archeo,c2,archeo5,0
13,archeo,c2,archeo6,0
13,archeo,c2,archeo7,0
13,archeo,c2,archeo8,0
13,archeo,c2,total,0
13,archeo,cGPT,archeo1,0
13,archeo,cGPT,archeo2,0
13,archeo,cGPT,archeo3,0
13,archeo,cGPT,archeo4,0
13,archeo,cGPT,archeo5,0
13,archeo,cGPT,archeo6,0
13,archeo,cGPT,archeo7,0
13,archeo,cGPT,archeo8,0
13,archeo,cGPT,total,0
13,archeo,c1,totalp,0
13,archeo,c2,totalp,0
13,archeo,cGPT,totalp,0
14,archeo,c1,archeo1,2
14,archeo,c1,archeo2,2
14,archeo,c1,archeo3,2
14,archeo,c1,archeo4,1
14,archeo,c1,archeo5,0
14,archeo,c1,archeo6,0
14,archeo,c1,archeo7,1
14,archeo,c1,archeo8,0
14,archeo,c1,total,8
14,archeo,c2,archeo1,1
14,archeo,c2,archeo2,1
14,archeo,c2,archeo3,0
14,archeo,c2,archeo4,1
14,archeo,c2,archeo5,0
14,archeo,c2,archeo6,0
14,archeo,c2,archeo7,0
14,archeo,c2,archeo8,0
14,archeo,c2,total,3
14,archeo,cGPT,archeo1,2
14,archeo,cGPT,archeo2,2
14,archeo,cGPT,archeo3,2
14,archeo,cGPT,archeo4,1
14,archeo,cGPT,archeo5,0
14,archeo,cGPT,archeo6,0
14,archeo,cGPT,archeo7,1
14,archeo,cGPT,archeo8,0
14,archeo,cGPT,total,8
14,archeo,c1,totalp,0.5
14,archeo,c2,totalp,0.1875
14,archeo,cGPT,totalp,0.5
150,archeo,c1,archeo1,2
150,archeo,c1,archeo2,2
150,archeo,c1,archeo3,2
150,archeo,c1,archeo4,2
150,archeo,c1,archeo5,2
150,archeo,c1,archeo6,2
150,archeo,c1,archeo7,2
150,archeo,c1,archeo8,2
150,archeo,c1,total,16
150,archeo,c2,archeo1,2
150,archeo,c2,archeo2,2
150,archeo,c2,archeo3,0
150,archeo,c2,archeo4,2
150,archeo,c2,archeo5,0
150,archeo,c2,archeo6,1
150,archeo,c2,archeo7,2
150,archeo,c2,archeo8,1
150,archeo,c2,total,10
150,archeo,cGPT,archeo1,2
150,archeo,cGPT,archeo2,2
150,archeo,cGPT,archeo3,1
150,archeo,cGPT,archeo4,2
150,archeo,cGPT,archeo5,1
150,archeo,cGPT,archeo6,1
150,archeo,cGPT,archeo7,1
150,archeo,cGPT,archeo8,2
150,archeo,cGPT,total,12
150,archeo,c1,totalp,1
150,archeo,c2,totalp,0.625
150,archeo,cGPT,totalp,0.75
62,archeo,c1,archeo1,0
62,archeo,c1,archeo2,0
62,archeo,c1,archeo3,0
62,archeo,c1,archeo4,2
62,archeo,c1,archeo5,1
62,archeo,c1,archeo6,0
62,archeo,c1,archeo7,1
62,archeo,c1,archeo8,1
62,archeo,c1,total,5
62,archeo,c2,archeo1,0
62,archeo,c2,archeo2,0
62,archeo,c2,archeo3,0
62,archeo,c2,archeo4,2
62,archeo,c2,archeo5,1
62,archeo,c2,archeo6,0
62,archeo,c2,archeo7,1
62,archeo,c2,archeo8,0
62,archeo,c2,total,4
62,archeo,cGPT,archeo1,0
62,archeo,cGPT,archeo2,0
62,archeo,cGPT,archeo3,0
62,archeo,cGPT,archeo4,2
62,archeo,cGPT,archeo5,1
62,archeo,cGPT,archeo6,1
62,archeo,cGPT,archeo7,1
62,archeo,cGPT,archeo8,1
62,archeo,cGPT,total,6
62,archeo,c1,totalp,0.3125
62,archeo,c2,totalp,0.25
62,archeo,cGPT,totalp,0.375
89,archeo,c1,archeo1,0
89,archeo,c1,archeo2,1
89,archeo,c1,archeo3,0
89,archeo,c1,archeo4,2
89,archeo,c1,archeo5,0
89,archeo,c1,archeo6,0
89,archeo,c1,archeo7,1
89,archeo,c1,archeo8,0
89,archeo,c1,total,4
89,archeo,c2,archeo1,0
89,archeo,c2,archeo2,1
89,archeo,c2,archeo3,0
89,archeo,c2,archeo4,2
89,archeo,c2,archeo5,0
89,archeo,c2,archeo6,0
89,archeo,c2,archeo7,1
89,archeo,c2,archeo8,0
89,archeo,c2,total,4
89,archeo,cGPT,archeo1,0
89,archeo,cGPT,archeo2,1
89,archeo,cGPT,archeo3,0
89,archeo,cGPT,archeo4,2
89,archeo,cGPT,archeo5,0
89,archeo,cGPT,archeo6,0
89,archeo,cGPT,archeo7,1
89,archeo,cGPT,archeo8,0
89,archeo,cGPT,total,4
89,archeo,c1,totalp,0.25
89,archeo,c2,totalp,0.25
89,archeo,cGPT,totalp,0.25
114,archeo,c1,archeo1,0
114,archeo,c1,archeo2,2
114,archeo,c1,archeo3,2
114,archeo,c1,archeo4,2
114,archeo,c1,archeo5,0
114,archeo,c1,archeo6,0
114,archeo,c1,archeo7,1
114,archeo,c1,archeo8,0
114,archeo,c1,total,7
114,archeo,c2,archeo1,0
114,archeo,c2,archeo2,0
114,archeo,c2,archeo3,2
114,archeo,c2,archeo4,2
114,archeo,c2,archeo5,0
114,archeo,c2,archeo6,0
114,archeo,c2,archeo7,1
114,archeo,c2,archeo8,0
114,archeo,c2,total,5
114,archeo,cGPT,archeo1,0
114,archeo,cGPT,archeo2,1
114,archeo,cGPT,archeo3,2
114,archeo,cGPT,archeo4,1
114,archeo,cGPT,archeo5,0
114,archeo,cGPT,archeo6,0
114,archeo,cGPT,archeo7,1
114,archeo,cGPT,archeo8,0
114,archeo,cGPT,total,5
114,archeo,c1,totalp,0.4375
114,archeo,c2,totalp,0.3125
114,archeo,cGPT,totalp,0.3125
80,archeo,c1,archeo1,0
80,archeo,c1,archeo2,0
80,archeo,c1,archeo3,0
80,archeo,c1,archeo4,2
80,archeo,c1,archeo5,1
80,archeo,c1,archeo6,1
80,archeo,c1,archeo7,0
80,archeo,c1,archeo8,2
80,archeo,c1,total,6
80,archeo,c2,archeo1,0
80,archeo,c2,archeo2,0
80,archeo,c2,archeo3,0
80,archeo,c2,archeo4,1
80,archeo,c2,archeo5,0
80,archeo,c2,archeo6,1
80,archeo,c2,archeo7,0
80,archeo,c2,archeo8,0
80,archeo,c2,total,2
80,archeo,cGPT,archeo1,0
80,archeo,cGPT,archeo2,0
80,archeo,cGPT,archeo3,0
80,archeo,cGPT,archeo4,2
80,archeo,cGPT,archeo5,1
80,archeo,cGPT,archeo6,0
80,archeo,cGPT,archeo7,1
80,archeo,cGPT,archeo8,1
80,archeo,cGPT,total,5
80,archeo,c1,totalp,0.375
80,archeo,c2,totalp,0.125
80,archeo,cGPT,totalp,0.3125
147,archeo,c1,archeo1,2
147,archeo,c1,archeo2,2
147,archeo,c1,archeo3,2
147,archeo,c1,archeo4,2
147,archeo,c1,archeo5,2
147,archeo,c1,archeo6,2
147,archeo,c1,archeo7,2
147,archeo,c1,archeo8,2
147,archeo,c1,total,16
147,archeo,c2,archeo1,2
147,archeo,c2,archeo2,2
147,archeo,c2,archeo3,2
147,archeo,c2,archeo4,2
147,archeo,c2,archeo5,2
147,archeo,c2,archeo6,1
147,archeo,c2,archeo7,2
147,archeo,c2,archeo8,2
147,archeo,c2,total,15
147,archeo,cGPT,archeo1,2
147,archeo,cGPT,archeo2,2
147,archeo,cGPT,archeo3,2
147,archeo,cGPT,archeo4,2
147,archeo,cGPT,archeo5,2
147,archeo,cGPT,archeo6,2
147,archeo,cGPT,archeo7,2
147,archeo,cGPT,archeo8,2
147,archeo,cGPT,total,16
147,archeo,c1,totalp,1
147,archeo,c2,totalp,0.9375
147,archeo,cGPT,totalp,1
67,archeo,c1,archeo1,2
67,archeo,c1,archeo2,2
67,archeo,c1,archeo3,2
67,archeo,c1,archeo4,2
67,archeo,c1,archeo5,0
67,archeo,c1,archeo6,0
67,archeo,c1,archeo7,2
67,archeo,c1,archeo8,0
67,archeo,c1,total,10
67,archeo,c2,archeo1,2
67,archeo,c2,archeo2,2
67,archeo,c2,archeo3,2
67,archeo,c2,archeo4,2
67,archeo,c2,archeo5,0
67,archeo,c2,archeo6,0
67,archeo,c2,archeo7,2
67,archeo,c2,archeo8,0
67,archeo,c2,total,10
67,archeo,cGPT,archeo1,2
67,archeo,cGPT,archeo2,2
67,archeo,cGPT,archeo3,1
67,archeo,cGPT,archeo4,2
67,archeo,cGPT,archeo5,0
67,archeo,cGPT,archeo6,0
67,archeo,cGPT,archeo7,1
67,archeo,cGPT,archeo8,0
67,archeo,cGPT,total,8
67,archeo,c1,totalp,0.625
67,archeo,c2,totalp,0.625
67,archeo,cGPT,totalp,0.5
94,archeo,c1,archeo1,2
94,archeo,c1,archeo2,2
94,archeo,c1,archeo3,0
94,archeo,c1,archeo4,2
94,archeo,c1,archeo5,2
94,archeo,c1,archeo6,2
94,archeo,c1,archeo7,2
94,archeo,c1,archeo8,0
94,archeo,c1,total,12
94,archeo,c2,archeo1,2
94,archeo,c2,archeo2,2
94,archeo,c2,archeo3,0
94,archeo,c2,archeo4,2
94,archeo,c2,archeo5,1
94,archeo,c2,archeo6,1
94,archeo,c2,archeo7,1
94,archeo,c2,archeo8,0
94,archeo,c2,total,9
94,archeo,cGPT,archeo1,2
94,archeo,cGPT,archeo2,2
94,archeo,cGPT,archeo3,0
94,archeo,cGPT,archeo4,2
94,archeo,cGPT,archeo5,0
94,archeo,cGPT,archeo6,0
94,archeo,cGPT,archeo7,2
94,archeo,cGPT,archeo8,0
94,archeo,cGPT,total,8
94,archeo,c1,totalp,0.75
94,archeo,c2,totalp,0.5625
94,archeo,cGPT,totalp,0.5
50,archeo,c1,archeo1,0
50,archeo,c1,archeo2,2
50,archeo,c1,archeo3,0
50,archeo,c1,archeo4,1
50,archeo,c1,archeo5,0
50,archeo,c1,archeo6,0
50,archeo,c1,archeo7,0
50,archeo,c1,archeo8,0
50,archeo,c1,total,3
50,archeo,c2,archeo1,0
50,archeo,c2,archeo2,1
50,archeo,c2,archeo3,0
50,archeo,c2,archeo4,1
50,archeo,c2,archeo5,1
50,archeo,c2,archeo6,0
50,archeo,c2,archeo7,0
50,archeo,c2,archeo8,0
50,archeo,c2,total,3
50,archeo,cGPT,archeo1,0
50,archeo,cGPT,archeo2,2
50,archeo,cGPT,archeo3,0
50,archeo,cGPT,archeo4,1
50,archeo,cGPT,archeo5,1
50,archeo,cGPT,archeo6,0
50,archeo,cGPT,archeo7,0
50,archeo,cGPT,archeo8,0
50,archeo,cGPT,total,4
50,archeo,c1,totalp,0.1875
50,archeo,c2,totalp,0.1875
50,archeo,cGPT,totalp,0.25
158,archeo,c1,archeo1,2
158,archeo,c1,archeo2,2
158,archeo,c1,archeo3,2
158,archeo,c1,archeo4,2
158,archeo,c1,archeo5,1
158,archeo,c1,archeo6,0
158,archeo,c1,archeo7,1
158,archeo,c1,archeo8,0
158,archeo,c1,total,10
158,archeo,c2,archeo1,2
158,archeo,c2,archeo2,2
158,archeo,c2,archeo3,2
158,archeo,c2,archeo4,1
158,archeo,c2,archeo5,1
158,archeo,c2,archeo6,1
158,archeo,c2,archeo7,1
158,archeo,c2,archeo8,0
158,archeo,c2,total,10
158,archeo,cGPT,archeo1,2
158,archeo,cGPT,archeo2,2
158,archeo,cGPT,archeo3,1
158,archeo,cGPT,archeo4,2
158,archeo,cGPT,archeo5,1
158,archeo,cGPT,archeo6,0
158,archeo,cGPT,archeo7,1
158,archeo,cGPT,archeo8,1
158,archeo,cGPT,total,10
158,archeo,c1,totalp,0.625
158,archeo,c2,totalp,0.625
158,archeo,cGPT,totalp,0.625
57,archeo,c1,archeo1,0
57,archeo,c1,archeo2,0
57,archeo,c1,archeo3,0
57,archeo,c1,archeo4,2
57,archeo,c1,archeo5,1
57,archeo,c1,archeo6,0
57,archeo,c1,archeo7,2
57,archeo,c1,archeo8,2
57,archeo,c1,total,7
57,archeo,c2,archeo1,0
57,archeo,c2,archeo2,0
57,archeo,c2,archeo3,0
57,archeo,c2,archeo4,1
57,archeo,c2,archeo5,1
57,archeo,c2,archeo6,0
57,archeo,c2,archeo7,2
57,archeo,c2,archeo8,0
57,archeo,c2,total,4
57,archeo,cGPT,archeo1,0
57,archeo,cGPT,archeo2,0
57,archeo,cGPT,archeo3,0
57,archeo,cGPT,archeo4,2
57,archeo,cGPT,archeo5,0
57,archeo,cGPT,archeo6,0
57,archeo,cGPT,archeo7,2
57,archeo,cGPT,archeo8,1
57,archeo,cGPT,total,5
57,archeo,c1,totalp,0.4375
57,archeo,c2,totalp,0.25
57,archeo,cGPT,totalp,0.3125
188,archeo,c1,archeo1,2
188,archeo,c1,archeo2,2
188,archeo,c1,archeo3,0
188,archeo,c1,archeo4,2
188,archeo,c1,archeo5,0
188,archeo,c1,archeo6,0
188,archeo,c1,archeo7,0
188,archeo,c1,archeo8,0
188,archeo,c1,total,6
188,archeo,c2,archeo1,2
188,archeo,c2,archeo2,2
188,archeo,c2,archeo3,0
188,archeo,c2,archeo4,1
188,archeo,c2,archeo5,0
188,archeo,c2,archeo6,0
188,archeo,c2,archeo7,0
188,archeo,c2,archeo8,0
188,archeo,c2,total,5
188,archeo,cGPT,archeo1,1
188,archeo,cGPT,archeo2,2
188,archeo,cGPT,archeo3,0
188,archeo,cGPT,archeo4,1
188,archeo,cGPT,archeo5,0
188,archeo,cGPT,archeo6,0
188,archeo,cGPT,archeo7,0
188,archeo,cGPT,archeo8,0
188,archeo,cGPT,total,4
188,archeo,c1,totalp,0.375
188,archeo,c2,totalp,0.3125
188,archeo,cGPT,totalp,0.25
127,archeo,c1,archeo1,2
127,archeo,c1,archeo2,2
127,archeo,c1,archeo3,0
127,archeo,c1,archeo4,2
127,archeo,c1,archeo5,2
127,archeo,c1,archeo6,2
127,archeo,c1,archeo7,1
127,archeo,c1,archeo8,2
127,archeo,c1,total,13
127,archeo,c2,archeo1,2
127,archeo,c2,archeo2,2
127,archeo,c2,archeo3,0
127,archeo,c2,archeo4,1
127,archeo,c2,archeo5,2
127,archeo,c2,archeo6,1
127,archeo,c2,archeo7,1
127,archeo,c2,archeo8,2
127,archeo,c2,total,11
127,archeo,cGPT,archeo1,2
127,archeo,cGPT,archeo2,2
127,archeo,cGPT,archeo3,0
127,archeo,cGPT,archeo4,2
127,archeo,cGPT,archeo5,1
127,archeo,cGPT,archeo6,2
127,archeo,cGPT,archeo7,1
127,archeo,cGPT,archeo8,2
127,archeo,cGPT,total,12
127,archeo,c1,totalp,0.8125
127,archeo,c2,totalp,0.6875
127,archeo,cGPT,totalp,0.75
40,archeo,c1,archeo1,0
40,archeo,c1,archeo2,0
40,archeo,c1,archeo3,0
40,archeo,c1,archeo4,0
40,archeo,c1,archeo5,0
40,archeo,c1,archeo6,0
40,archeo,c1,archeo7,0
40,archeo,c1,archeo8,0
40,archeo,c1,total,0
40,archeo,c2,archeo1,0
40,archeo,c2,archeo2,0
40,archeo,c2,archeo3,0
40,archeo,c2,archeo4,0
40,archeo,c2,archeo5,0
40,archeo,c2,archeo6,0
40,archeo,c2,archeo7,0
40,archeo,c2,archeo8,0
40,archeo,c2,total,0
40,archeo,cGPT,archeo1,0
40,archeo,cGPT,archeo2,0
40,archeo,cGPT,archeo3,0
40,archeo,cGPT,archeo4,0
40,archeo,cGPT,archeo5,0
40,archeo,cGPT,archeo6,0
40,archeo,cGPT,archeo7,0
40,archeo,cGPT,archeo8,0
40,archeo,cGPT,total,0
40,archeo,c1,totalp,0
40,archeo,c2,totalp,0
40,archeo,cGPT,totalp,0
133,archeo,c1,archeo1,1
133,archeo,c1,archeo2,1
133,archeo,c1,archeo3,1
133,archeo,c1,archeo4,2
133,archeo,c1,archeo5,1
133,archeo,c1,archeo6,0
133,archeo,c1,archeo7,0
133,archeo,c1,archeo8,0
133,archeo,c1,total,6
133,archeo,c2,archeo1,2
133,archeo,c2,archeo2,2
133,archeo,c2,archeo3,2
133,archeo,c2,archeo4,2
133,archeo,c2,archeo5,1
133,archeo,c2,archeo6,1
133,archeo,c2,archeo7,0
133,archeo,c2,archeo8,0
133,archeo,c2,total,10
133,archeo,cGPT,archeo1,2
133,archeo,cGPT,archeo2,2
133,archeo,cGPT,archeo3,2
133,archeo,cGPT,archeo4,2
133,archeo,cGPT,archeo5,1
133,archeo,cGPT,archeo6,1
133,archeo,cGPT,archeo7,0
133,archeo,cGPT,archeo8,0
133,archeo,cGPT,total,10
133,archeo,c1,totalp,0.375
133,archeo,c2,totalp,0.625
133,archeo,cGPT,totalp,0.625
73,archeo,c1,archeo1,0
73,archeo,c1,archeo2,0
73,archeo,c1,archeo3,0
73,archeo,c1,archeo4,1
73,archeo,c1,archeo5,2
73,archeo,c1,archeo6,2
73,archeo,c1,archeo7,0
73,archeo,c1,archeo8,2
73,archeo,c1,total,7
73,archeo,c2,archeo1,0
73,archeo,c2,archeo2,0
73,archeo,c2,archeo3,0
73,archeo,c2,archeo4,1
73,archeo,c2,archeo5,1
73,archeo,c2,archeo6,0
73,archeo,c2,archeo7,0
73,archeo,c2,archeo8,2
73,archeo,c2,total,4
73,archeo,cGPT,archeo1,0
73,archeo,cGPT,archeo2,0
73,archeo,cGPT,archeo3,0
73,archeo,cGPT,archeo4,1
73,archeo,cGPT,archeo5,0
73,archeo,cGPT,archeo6,0
73,archeo,cGPT,archeo7,1
73,archeo,cGPT,archeo8,1
73,archeo,cGPT,total,3
73,archeo,c1,totalp,0.4375
73,archeo,c2,totalp,0.25
73,archeo,cGPT,totalp,0.1875
34,archeo,c1,archeo1,2
34,archeo,c1,archeo2,1
34,archeo,c1,archeo3,2
34,archeo,c1,archeo4,2
34,archeo,c1,archeo5,0
34,archeo,c1,archeo6,0
34,archeo,c1,archeo7,2
34,archeo,c1,archeo8,0
34,archeo,c1,total,9
34,archeo,c2,archeo1,2
34,archeo,c2,archeo2,2
34,archeo,c2,archeo3,2
34,archeo,c2,archeo4,1
34,archeo,c2,archeo5,0
34,archeo,c2,archeo6,0
34,archeo,c2,archeo7,2
34,archeo,c2,archeo8,0
34,archeo,c2,total,9
34,archeo,cGPT,archeo1,2
34,archeo,cGPT,archeo2,2
34,archeo,cGPT,archeo3,2
34,archeo,cGPT,archeo4,1
34,archeo,cGPT,archeo5,0
34,archeo,cGPT,archeo6,0
34,archeo,cGPT,archeo7,1
34,archeo,cGPT,archeo8,0
34,archeo,cGPT,total,8
34,archeo,c1,totalp,0.5625
34,archeo,c2,totalp,0.5625
34,archeo,cGPT,totalp,0.5
129,archeo,c1,archeo1,2
129,archeo,c1,archeo2,2
129,archeo,c1,archeo3,2
129,archeo,c1,archeo4,1
129,archeo,c1,archeo5,1
129,archeo,c1,archeo6,2
129,archeo,c1,archeo7,1
129,archeo,c1,archeo8,1
129,archeo,c1,total,12
129,archeo,c2,archeo1,2
129,archeo,c2,archeo2,2
129,archeo,c2,archeo3,2
129,archeo,c2,archeo4,1
129,archeo,c2,archeo5,1
129,archeo,c2,archeo6,1
129,archeo,c2,archeo7,2
129,archeo,c2,archeo8,1
129,archeo,c2,total,12
129,archeo,cGPT,archeo1,2
129,archeo,cGPT,archeo2,2
129,archeo,cGPT,archeo3,2
129,archeo,cGPT,archeo4,1
129,archeo,cGPT,archeo5,0
129,archeo,cGPT,archeo6,0
129,archeo,cGPT,archeo7,1
129,archeo,cGPT,archeo8,1
129,archeo,cGPT,total,9
129,archeo,c1,totalp,0.75
129,archeo,c2,totalp,0.75
129,archeo,cGPT,totalp,0.5625
140,archeo,c1,archeo1,0
140,archeo,c1,archeo2,0
140,archeo,c1,archeo3,0
140,archeo,c1,archeo4,1
140,archeo,c1,archeo5,2
140,archeo,c1,archeo6,2
140,archeo,c1,archeo7,2
140,archeo,c1,archeo8,2
140,archeo,c1,total,9
140,archeo,c2,archeo1,0
140,archeo,c2,archeo2,0
140,archeo,c2,archeo3,0
140,archeo,c2,archeo4,1
140,archeo,c2,archeo5,1
140,archeo,c2,archeo6,1
140,archeo,c2,archeo7,2
140,archeo,c2,archeo8,1
140,archeo,c2,total,6
140,archeo,cGPT,archeo1,0
140,archeo,cGPT,archeo2,0
140,archeo,cGPT,archeo3,0
140,archeo,cGPT,archeo4,1
140,archeo,cGPT,archeo5,1
140,archeo,cGPT,archeo6,2
140,archeo,cGPT,archeo7,1
140,archeo,cGPT,archeo8,1
140,archeo,cGPT,total,6
140,archeo,c1,totalp,0.5625
140,archeo,c2,totalp,0.375
140,archeo,cGPT,totalp,0.375
110,archeo,c1,archeo1,1
110,archeo,c1,archeo2,1
110,archeo,c1,archeo3,0
110,archeo,c1,archeo4,1
110,archeo,c1,archeo5,1
110,archeo,c1,archeo6,0
110,archeo,c1,archeo7,1
110,archeo,c1,archeo8,0
110,archeo,c1,total,5
110,archeo,c2,archeo1,1
110,archeo,c2,archeo2,1
110,archeo,c2,archeo3,0
110,archeo,c2,archeo4,1
110,archeo,c2,archeo5,1
110,archeo,c2,archeo6,0
110,archeo,c2,archeo7,1
110,archeo,c2,archeo8,0
110,archeo,c2,total,5
110,archeo,cGPT,archeo1,2
110,archeo,cGPT,archeo2,1
110,archeo,cGPT,archeo3,0
110,archeo,cGPT,archeo4,1
110,archeo,cGPT,archeo5,1
110,archeo,cGPT,archeo6,1
110,archeo,cGPT,archeo7,1
110,archeo,cGPT,archeo8,1
110,archeo,cGPT,total,8
110,archeo,c1,totalp,0.3125
110,archeo,c2,totalp,0.3125
110,archeo,cGPT,totalp,0.5
197,entom,c1,entom1,2
197,entom,c1,entom2,2
197,entom,c1,entom3,0
197,entom,c1,entom4,2
197,entom,c1,entom5,2
197,entom,c1,entom6,2
197,entom,c1,entom7,2
197,entom,c1,total,12
197,entom,c2,entom1,1
197,entom,c2,entom2,2
197,entom,c2,entom3,0
197,entom,c2,entom4,2
197,entom,c2,entom5,2
197,entom,c2,entom6,1
197,entom,c2,entom7,2
197,entom,c2,total,10
197,entom,cGPT,entom1,2
197,entom,cGPT,entom2,2
197,entom,cGPT,entom3,0
197,entom,cGPT,entom4,2
197,entom,cGPT,entom5,2
197,entom,cGPT,entom6,2
197,entom,cGPT,entom7,2
197,entom,cGPT,total,12
197,entom,c1,totalp,0.8571428571428571
197,entom,c2,totalp,0.7142857142857143
197,entom,cGPT,totalp,0.8571428571428571
91,entom,c1,entom1,0
91,entom,c1,entom2,0
91,entom,c1,entom3,0
91,entom,c1,entom4,1
91,entom,c1,entom5,1
91,entom,c1,entom6,1
91,entom,c1,entom7,0
91,entom,c1,total,3
91,entom,c2,entom1,0
91,entom,c2,entom2,0
91,entom,c2,entom3,0
91,entom,c2,entom4,1
91,entom,c2,entom5,1
91,entom,c2,entom6,1
91,entom,c2,entom7,0
91,entom,c2,total,3
91,entom,cGPT,entom1,1
91,entom,cGPT,entom2,0
91,entom,cGPT,entom3,0
91,entom,cGPT,entom4,1
91,entom,cGPT,entom5,1
91,entom,cGPT,entom6,1
91,entom,cGPT,entom7,0
91,entom,cGPT,total,4
91,entom,c1,totalp,0.21428571428571427
91,entom,c2,totalp,0.21428571428571427
91,entom,cGPT,totalp,0.2857142857142857
178,entom,c1,entom1,0
178,entom,c1,entom2,0
178,entom,c1,entom3,0
178,entom,c1,entom4,2
178,entom,c1,entom5,0
178,entom,c1,entom6,1
178,entom,c1,entom7,0
178,entom,c1,total,3
178,entom,c2,entom1,0
178,entom,c2,entom2,0
178,entom,c2,entom3,0
178,entom,c2,entom4,1
178,entom,c2,entom5,1
178,entom,c2,entom6,1
178,entom,c2,entom7,0
178,entom,c2,total,3
178,entom,cGPT,entom1,1
178,entom,cGPT,entom2,0
178,entom,cGPT,entom3,0
178,entom,cGPT,entom4,0
178,entom,cGPT,entom5,0
178,entom,cGPT,entom6,0
178,entom,cGPT,entom7,1
178,entom,cGPT,total,2
178,entom,c1,totalp,0.21428571428571427
178,entom,c2,totalp,0.21428571428571427
178,entom,cGPT,totalp,0.14285714285714285
16,entom,c1,entom1,0
16,entom,c1,entom2,0
16,entom,c1,entom3,0
16,entom,c1,entom4,1
16,entom,c1,entom5,1
16,entom,c1,entom6,1
16,entom,c1,entom7,0
16,entom,c1,total,3
16,entom,c2,entom1,0
16,entom,c2,entom2,0
16,entom,c2,entom3,0
16,entom,c2,entom4,1
16,entom,c2,entom5,1
16,entom,c2,entom6,1
16,entom,c2,entom7,0
16,entom,c2,total,3
16,entom,cGPT,entom1,1
16,entom,cGPT,entom2,0
16,entom,cGPT,entom3,0
16,entom,cGPT,entom4,1
16,entom,cGPT,entom5,0
16,entom,cGPT,entom6,0
16,entom,cGPT,entom7,0
16,entom,cGPT,total,2
16,entom,c1,totalp,0.21428571428571427
16,entom,c2,totalp,0.21428571428571427
16,entom,cGPT,totalp,0.14285714285714285
97,entom,c1,entom1,0
97,entom,c1,entom2,0
97,entom,c1,entom3,0
97,entom,c1,entom4,2
97,entom,c1,entom5,1
97,entom,c1,entom6,1
97,entom,c1,entom7,0
97,entom,c1,total,4
97,entom,c2,entom1,0
97,entom,c2,entom2,0
97,entom,c2,entom3,0
97,entom,c2,entom4,1
97,entom,c2,entom5,1
97,entom,c2,entom6,1
97,entom,c2,entom7,0
97,entom,c2,total,3
97,entom,cGPT,entom1,1
97,entom,cGPT,entom2,0
97,entom,cGPT,entom3,0
97,entom,cGPT,entom4,1
97,entom,cGPT,entom5,0
97,entom,cGPT,entom6,1
97,entom,cGPT,entom7,1
97,entom,cGPT,total,4
97,entom,c1,totalp,0.2857142857142857
97,entom,c2,totalp,0.21428571428571427
97,entom,cGPT,totalp,0.2857142857142857
52,entom,c1,entom1,2
52,entom,c1,entom2,0
52,entom,c1,entom3,0
52,entom,c1,entom4,0
52,entom,c1,entom5,0
52,entom,c1,entom6,0
52,entom,c1,entom7,0
52,entom,c1,total,2
52,entom,c2,entom1,1
52,entom,c2,entom2,0
52,entom,c2,entom3,0
52,entom,c2,entom4,0
52,entom,c2,entom5,0
52,entom,c2,entom6,0
52,entom,c2,entom7,0
52,entom,c2,total,1
52,entom,cGPT,entom1,2
52,entom,cGPT,entom2,0
52,entom,cGPT,entom3,0
52,entom,cGPT,entom4,0
52,entom,cGPT,entom5,0
52,entom,cGPT,entom6,0
52,entom,cGPT,entom7,0
52,entom,cGPT,total,2
52,entom,c1,totalp,0.14285714285714285
52,entom,c2,totalp,0.07142857142857142
52,entom,cGPT,totalp,0.14285714285714285
143,entom,c1,entom1,0
143,entom,c1,entom2,1
143,entom,c1,entom3,0
143,entom,c1,entom4,0
143,entom,c1,entom5,0
143,entom,c1,entom6,0
143,entom,c1,entom7,0
143,entom,c1,total,1
143,entom,c2,entom1,0
143,entom,c2,entom2,0
143,entom,c2,entom3,0
143,entom,c2,entom4,1
143,entom,c2,entom5,0
143,entom,c2,entom6,0
143,entom,c2,entom7,0
143,entom,c2,total,1
143,entom,cGPT,entom1,0
143,entom,cGPT,entom2,1
143,entom,cGPT,entom3,0
143,entom,cGPT,entom4,0
143,entom,cGPT,entom5,0
143,entom,cGPT,entom6,0
143,entom,cGPT,entom7,0
143,entom,cGPT,total,1
143,entom,c1,totalp,0.07142857142857142
143,entom,c2,totalp,0.07142857142857142
143,entom,cGPT,totalp,0.07142857142857142
111,entom,c1,entom1,0
111,entom,c1,entom2,0
111,entom,c1,entom3,0
111,entom,c1,entom4,1
111,entom,c1,entom5,0
111,entom,c1,entom6,1
111,entom,c1,entom7,0
111,entom,c1,total,2
111,entom,c2,entom1,0
111,entom,c2,entom2,0
111,entom,c2,entom3,0
111,entom,c2,entom4,1
111,entom,c2,entom5,1
111,entom,c2,entom6,0
111,entom,c2,entom7,0
111,entom,c2,total,2
111,entom,cGPT,entom1,1
111,entom,cGPT,entom2,0
111,entom,cGPT,entom3,0
111,entom,cGPT,entom4,1
111,entom,cGPT,entom5,1
111,entom,cGPT,entom6,1
111,entom,cGPT,entom7,1
111,entom,cGPT,total,5
111,entom,c1,totalp,0.14285714285714285
111,entom,c2,totalp,0.14285714285714285
111,entom,cGPT,totalp,0.35714285714285715
55,entom,c1,entom1,0
55,entom,c1,entom2,0
55,entom,c1,entom3,0
55,entom,c1,entom4,0
55,entom,c1,entom5,0
55,entom,c1,entom6,2
55,entom,c1,entom7,0
55,entom,c1,total,2
55,entom,c2,entom1,0
55,entom,c2,entom2,0
55,entom,c2,entom3,0
55,entom,c2,entom4,1
55,entom,c2,entom5,1
55,entom,c2,entom6,1
55,entom,c2,entom7,0
55,entom,c2,total,3
55,entom,cGPT,entom1,0
55,entom,cGPT,entom2,0
55,entom,cGPT,entom3,0
55,entom,cGPT,entom4,1
55,entom,cGPT,entom5,1
55,entom,cGPT,entom6,2
55,entom,cGPT,entom7,1
55,entom,cGPT,total,5
55,entom,c1,totalp,0.14285714285714285
55,entom,c2,totalp,0.21428571428571427
55,entom,cGPT,totalp,0.35714285714285715
198,entom,c1,entom1,0
198,entom,c1,entom2,0
198,entom,c1,entom3,0
198,entom,c1,entom4,1
198,entom,c1,entom5,0
198,entom,c1,entom6,1
198,entom,c1,entom7,0
198,entom,c1,total,2
198,entom,c2,entom1,0
198,entom,c2,entom2,0
198,entom,c2,entom3,0
198,entom,c2,entom4,1
198,entom,c2,entom5,1
198,entom,c2,entom6,0
198,entom,c2,entom7,0
198,entom,c2,total,2
198,entom,cGPT,entom1,1
198,entom,cGPT,entom2,0
198,entom,cGPT,entom3,0
198,entom,cGPT,entom4,1
198,entom,cGPT,entom5,1
198,entom,cGPT,entom6,1
198,entom,cGPT,entom7,1
198,entom,cGPT,total,5
198,entom,c1,totalp,0.14285714285714285
198,entom,c2,totalp,0.14285714285714285
198,entom,cGPT,totalp,0.35714285714285715
27,entom,c1,entom1,0
27,entom,c1,entom2,0
27,entom,c1,entom3,0
27,entom,c1,entom4,1
27,entom,c1,entom5,1
27,entom,c1,entom6,0
27,entom,c1,entom7,0
27,entom,c1,total,2
27,entom,c2,entom1,0
27,entom,c2,entom2,0
27,entom,c2,entom3,0
27,entom,c2,entom4,1
27,entom,c2,entom5,1
27,entom,c2,entom6,0
27,entom,c2,entom7,0
27,entom,c2,total,2
27,entom,cGPT,entom1,1
27,entom,cGPT,entom2,0
27,entom,cGPT,entom3,0
27,entom,cGPT,entom4,1
27,entom,cGPT,entom5,0
27,entom,cGPT,entom6,0
27,entom,cGPT,entom7,0
27,entom,cGPT,total,2
27,entom,c1,totalp,0.14285714285714285
27,entom,c2,totalp,0.14285714285714285
27,entom,cGPT,totalp,0.14285714285714285
104,entom,c1,entom1,0
104,entom,c1,entom2,0
104,entom,c1,entom3,0
104,entom,c1,entom4,1
104,entom,c1,entom5,1
104,entom,c1,entom6,1
104,entom,c1,entom7,0
104,entom,c1,total,3
104,entom,c2,entom1,0
104,entom,c2,entom2,0
104,entom,c2,entom3,0
104,entom,c2,entom4,1
104,entom,c2,entom5,1
104,entom,c2,entom6,1
104,entom,c2,entom7,0
104,entom,c2,total,3
104,entom,cGPT,entom1,1
104,entom,cGPT,entom2,0
104,entom,cGPT,entom3,0
104,entom,cGPT,entom4,1
104,entom,cGPT,entom5,1
104,entom,cGPT,entom6,1
104,entom,cGPT,entom7,1
104,entom,cGPT,total,5
104,entom,c1,totalp,0.21428571428571427
104,entom,c2,totalp,0.21428571428571427
104,entom,cGPT,totalp,0.35714285714285715
166,entom,c1,entom1,1
166,entom,c1,entom2,1
166,entom,c1,entom3,0
166,entom,c1,entom4,2
166,entom,c1,entom5,2
166,entom,c1,entom6,1
166,entom,c1,entom7,0
166,entom,c1,total,7
166,entom,c2,entom1,0
166,entom,c2,entom2,0
166,entom,c2,entom3,0
166,entom,c2,entom4,2
166,entom,c2,entom5,2
166,entom,c2,entom6,2
166,entom,c2,entom7,0
166,entom,c2,total,6
166,entom,cGPT,entom1,1
166,entom,cGPT,entom2,1
166,entom,cGPT,entom3,0
166,entom,cGPT,entom4,2
166,entom,cGPT,entom5,2
166,entom,cGPT,entom6,1
166,entom,cGPT,entom7,1
166,entom,cGPT,total,8
166,entom,c1,totalp,0.5
166,entom,c2,totalp,0.42857142857142855
166,entom,cGPT,totalp,0.5714285714285714
108,entom,c1,entom1,0
108,entom,c1,entom2,0
108,entom,c1,entom3,0
108,entom,c1,entom4,1
108,entom,c1,entom5,1
108,entom,c1,entom6,1
108,entom,c1,entom7,0
108,entom,c1,total,3
108,entom,c2,entom1,0
108,entom,c2,entom2,0
108,entom,c2,entom3,0
108,entom,c2,entom4,1
108,entom,c2,entom5,1
108,entom,c2,entom6,1
108,entom,c2,entom7,0
108,entom,c2,total,3
108,entom,cGPT,entom1,0
108,entom,cGPT,entom2,0
108,entom,cGPT,entom3,0
108,entom,cGPT,entom4,0
108,entom,cGPT,entom5,1
108,entom,cGPT,entom6,1
108,entom,cGPT,entom7,0
108,entom,cGPT,total,2
108,entom,c1,totalp,0.21428571428571427
108,entom,c2,totalp,0.21428571428571427
108,entom,cGPT,totalp,0.14285714285714285
194,entom,c1,entom1,0
194,entom,c1,entom2,2
194,entom,c1,entom3,0
194,entom,c1,entom4,2
194,entom,c1,entom5,2
194,entom,c1,entom6,1
194,entom,c1,entom7,2
194,entom,c1,total,9
194,entom,c2,entom1,0
194,entom,c2,entom2,0
194,entom,c2,entom3,0
194,entom,c2,entom4,2
194,entom,c2,entom5,1
194,entom,c2,entom6,1
194,entom,c2,entom7,1
194,entom,c2,total,5
194,entom,cGPT,entom1,0
194,entom,cGPT,entom2,1
194,entom,cGPT,entom3,0
194,entom,cGPT,entom4,1
194,entom,cGPT,entom5,2
194,entom,cGPT,entom6,1
194,entom,cGPT,entom7,2
194,entom,cGPT,total,7
194,entom,c1,totalp,0.6428571428571429
194,entom,c2,totalp,0.35714285714285715
194,entom,cGPT,totalp,0.5
11,entom,c1,entom1,0
11,entom,c1,entom2,0
11,entom,c1,entom3,0
11,entom,c1,entom4,0
11,entom,c1,entom5,0
11,entom,c1,entom6,0
11,entom,c1,entom7,0
11,entom,c1,total,0
11,entom,c2,entom1,0
11,entom,c2,entom2,0
11,entom,c2,entom3,0
11,entom,c2,entom4,0
11,entom,c2,entom5,0
11,entom,c2,entom6,0
11,entom,c2,entom7,0
11,entom,c2,total,0
11,entom,cGPT,entom1,0
11,entom,cGPT,entom2,0
11,entom,cGPT,entom3,0
11,entom,cGPT,entom4,0
11,entom,cGPT,entom5,0
11,entom,cGPT,entom6,0
11,entom,cGPT,entom7,0
11,entom,cGPT,total,0
11,entom,c1,totalp,0
11,entom,c2,totalp,0
11,entom,cGPT,totalp,0
193,entom,c1,entom1,0
193,entom,c1,entom2,1
193,entom,c1,entom3,1
193,entom,c1,entom4,1
193,entom,c1,entom5,1
193,entom,c1,entom6,1
193,entom,c1,entom7,0
193,entom,c1,total,5
193,entom,c2,entom1,0
193,entom,c2,entom2,1
193,entom,c2,entom3,0
193,entom,c2,entom4,1
193,entom,c2,entom5,2
193,entom,c2,entom6,1
193,entom,c2,entom7,0
193,entom,c2,total,5
193,entom,cGPT,entom1,1
193,entom,cGPT,entom2,1
193,entom,cGPT,entom3,1
193,entom,cGPT,entom4,1
193,entom,cGPT,entom5,2
193,entom,cGPT,entom6,1
193,entom,cGPT,entom7,0
193,entom,cGPT,total,7
193,entom,c1,totalp,0.35714285714285715
193,entom,c2,totalp,0.35714285714285715
193,entom,cGPT,totalp,0.5
20,entom,c1,entom1,0
20,entom,c1,entom2,0
20,entom,c1,entom3,0
20,entom,c1,entom4,1
20,entom,c1,entom5,0
20,entom,c1,entom6,0
20,entom,c1,entom7,0
20,entom,c1,total,1
20,entom,c2,entom1,0
20,entom,c2,entom2,0
20,entom,c2,entom3,0
20,entom,c2,entom4,1
20,entom,c2,entom5,0
20,entom,c2,entom6,0
20,entom,c2,entom7,0
20,entom,c2,total,1
20,entom,cGPT,entom1,0
20,entom,cGPT,entom2,0
20,entom,cGPT,entom3,0
20,entom,cGPT,entom4,1
20,entom,cGPT,entom5,0
20,entom,cGPT,entom6,0
20,entom,cGPT,entom7,0
20,entom,cGPT,total,1
20,entom,c1,totalp,0.07142857142857142
20,entom,c2,totalp,0.07142857142857142
20,entom,cGPT,totalp,0.07142857142857142
151,entom,c1,entom1,0
151,entom,c1,entom2,0
151,entom,c1,entom3,0
151,entom,c1,entom4,0
151,entom,c1,entom5,1
151,entom,c1,entom6,1
151,entom,c1,entom7,0
151,entom,c1,total,2
151,entom,c2,entom1,0
151,entom,c2,entom2,0
151,entom,c2,entom3,0
151,entom,c2,entom4,1
151,entom,c2,entom5,1
151,entom,c2,entom6,0
151,entom,c2,entom7,0
151,entom,c2,total,2
151,entom,cGPT,entom1,0
151,entom,cGPT,entom2,0
151,entom,cGPT,entom3,0
151,entom,cGPT,entom4,0
151,entom,cGPT,entom5,1
151,entom,cGPT,entom6,1
151,entom,cGPT,entom7,1
151,entom,cGPT,total,3
151,entom,c1,totalp,0.14285714285714285
151,entom,c2,totalp,0.14285714285714285
151,entom,cGPT,totalp,0.21428571428571427
148,entom,c1,entom1,0
148,entom,c1,entom2,1
148,entom,c1,entom3,0
148,entom,c1,entom4,1
148,entom,c1,entom5,0
148,entom,c1,entom6,0
148,entom,c1,entom7,1
148,entom,c1,total,3
148,entom,c2,entom1,0
148,entom,c2,entom2,0
148,entom,c2,entom3,1
148,entom,c2,entom4,1
148,entom,c2,entom5,1
148,entom,c2,entom6,1
148,entom,c2,entom7,0
148,entom,c2,total,4
148,entom,cGPT,entom1,1
148,entom,cGPT,entom2,0
148,entom,cGPT,entom3,0
148,entom,cGPT,entom4,1
148,entom,cGPT,entom5,0
148,entom,cGPT,entom6,0
148,entom,cGPT,entom7,1
148,entom,cGPT,total,3
148,entom,c1,totalp,0.21428571428571427
148,entom,c2,totalp,0.2857142857142857
148,entom,cGPT,totalp,0.21428571428571427
172,entom,c1,entom1,1
172,entom,c1,entom2,0
172,entom,c1,entom3,2
172,entom,c1,entom4,0
172,entom,c1,entom5,1
172,entom,c1,entom6,1
172,entom,c1,entom7,0
172,entom,c1,total,5
172,entom,c2,entom1,1
172,entom,c2,entom2,0
172,entom,c2,entom3,1
172,entom,c2,entom4,0
172,entom,c2,entom5,1
172,entom,c2,entom6,1
172,entom,c2,entom7,0
172,entom,c2,total,4
172,entom,cGPT,entom1,1
172,entom,cGPT,entom2,0
172,entom,cGPT,entom3,1
172,entom,cGPT,entom4,0
172,entom,cGPT,entom5,1
172,entom,cGPT,entom6,1
172,entom,cGPT,entom7,1
172,entom,cGPT,total,5
172,entom,c1,totalp,0.35714285714285715
172,entom,c2,totalp,0.2857142857142857
172,entom,cGPT,totalp,0.35714285714285715
93,entom,c1,entom1,1
93,entom,c1,entom2,0
93,entom,c1,entom3,2
93,entom,c1,entom4,1
93,entom,c1,entom5,0
93,entom,c1,entom6,1
93,entom,c1,entom7,0
93,entom,c1,total,5
93,entom,c2,entom1,1
93,entom,c2,entom2,0
93,entom,c2,entom3,1
93,entom,c2,entom4,1
93,entom,c2,entom5,1
93,entom,c2,entom6,1
93,entom,c2,entom7,0
93,entom,c2,total,5
93,entom,cGPT,entom1,1
93,entom,cGPT,entom2,1
93,entom,cGPT,entom3,1
93,entom,cGPT,entom4,1
93,entom,cGPT,entom5,1
93,entom,cGPT,entom6,1
93,entom,cGPT,entom7,1
93,entom,cGPT,total,7
93,entom,c1,totalp,0.35714285714285715
93,entom,c2,totalp,0.35714285714285715
93,entom,cGPT,totalp,0.5
137,entom,c1,entom1,2
137,entom,c1,entom2,0
137,entom,c1,entom3,0
137,entom,c1,entom4,2
137,entom,c1,entom5,2
137,entom,c1,entom6,1
137,entom,c1,entom7,1
137,entom,c1,total,8
137,entom,c2,entom1,1
137,entom,c2,entom2,0
137,entom,c2,entom3,0
137,entom,c2,entom4,1
137,entom,c2,entom5,1
137,entom,c2,entom6,1
137,entom,c2,entom7,1
137,entom,c2,total,5
137,entom,cGPT,entom1,1
137,entom,cGPT,entom2,0
137,entom,cGPT,entom3,0
137,entom,cGPT,entom4,1
137,entom,cGPT,entom5,2
137,entom,cGPT,entom6,1
137,entom,cGPT,entom7,1
137,entom,cGPT,total,6
137,entom,c1,totalp,0.5714285714285714
137,entom,c2,totalp,0.35714285714285715
137,entom,cGPT,totalp,0.42857142857142855
32,entom,c1,entom1,0
32,entom,c1,entom2,0
32,entom,c1,entom3,0
32,entom,c1,entom4,0
32,entom,c1,entom5,0
32,entom,c1,entom6,0
32,entom,c1,entom7,0
32,entom,c1,total,0
32,entom,c2,entom1,0
32,entom,c2,entom2,0
32,entom,c2,entom3,0
32,entom,c2,entom4,1
32,entom,c2,entom5,1
32,entom,c2,entom6,0
32,entom,c2,entom7,0
32,entom,c2,total,2
32,entom,cGPT,entom1,0
32,entom,cGPT,entom2,0
32,entom,cGPT,entom3,0
32,entom,cGPT,entom4,0
32,entom,cGPT,entom5,1
32,entom,cGPT,entom6,0
32,entom,cGPT,entom7,0
32,entom,cGPT,total,1
32,entom,c1,totalp,0
32,entom,c2,totalp,0.14285714285714285
32,entom,cGPT,totalp,0.07142857142857142
106,entom,c1,entom1,1
106,entom,c1,entom2,0
106,entom,c1,entom3,0
106,entom,c1,entom4,1
106,entom,c1,entom5,1
106,entom,c1,entom6,2
106,entom,c1,entom7,0
106,entom,c1,total,5
106,entom,c2,entom1,1
106,entom,c2,entom2,0
106,entom,c2,entom3,0
106,entom,c2,entom4,2
106,entom,c2,entom5,2
106,entom,c2,entom6,2
106,entom,c2,entom7,0
106,entom,c2,total,7
106,entom,cGPT,entom1,1
106,entom,cGPT,entom2,0
106,entom,cGPT,entom3,0
106,entom,cGPT,entom4,1
106,entom,cGPT,entom5,1
106,entom,cGPT,entom6,2
106,entom,cGPT,entom7,0
106,entom,cGPT,total,5
106,entom,c1,totalp,0.35714285714285715
106,entom,c2,totalp,0.5
106,entom,cGPT,totalp,0.35714285714285715
71,entom,c1,entom1,0
71,entom,c1,entom2,0
71,entom,c1,entom3,0
71,entom,c1,entom4,0
71,entom,c1,entom5,0
71,entom,c1,entom6,0
71,entom,c1,entom7,0
71,entom,c1,total,0
71,entom,c2,entom1,0
71,entom,c2,entom2,0
71,entom,c2,entom3,0
71,entom,c2,entom4,1
71,entom,c2,entom5,1
71,entom,c2,entom6,1
71,entom,c2,entom7,0
71,entom,c2,total,3
71,entom,cGPT,entom1,1
71,entom,cGPT,entom2,0
71,entom,cGPT,entom3,0
71,entom,cGPT,entom4,1
71,entom,cGPT,entom5,0
71,entom,cGPT,entom6,0
71,entom,cGPT,entom7,1
71,entom,cGPT,total,3
71,entom,c1,totalp,0
71,entom,c2,totalp,0.21428571428571427
71,entom,cGPT,totalp,0.21428571428571427
88,entom,c1,entom1,0
88,entom,c1,entom2,0
88,entom,c1,entom3,0
88,entom,c1,entom4,0
88,entom,c1,entom5,0
88,entom,c1,entom6,0
88,entom,c1,entom7,0
88,entom,c1,total,0
88,entom,c2,entom1,0
88,entom,c2,entom2,0
88,entom,c2,entom3,0
88,entom,c2,entom4,0
88,entom,c2,entom5,0
88,entom,c2,entom6,0
88,entom,c2,entom7,0
88,entom,c2,total,0
88,entom,cGPT,entom1,1
88,entom,cGPT,entom2,0
88,entom,cGPT,entom3,0
88,entom,cGPT,entom4,1
88,entom,cGPT,entom5,0
88,entom,cGPT,entom6,0
88,entom,cGPT,entom7,0
88,entom,cGPT,total,2
88,entom,c1,totalp,0
88,entom,c2,totalp,0
88,entom,cGPT,totalp,0.14285714285714285
79,entom,c1,entom1,0
79,entom,c1,entom2,0
79,entom,c1,entom3,0
79,entom,c1,entom4,1
79,entom,c1,entom5,1
79,entom,c1,entom6,1
79,entom,c1,entom7,0
79,entom,c1,total,3
79,entom,c2,entom1,0
79,entom,c2,entom2,0
79,entom,c2,entom3,0
79,entom,c2,entom4,1
79,entom,c2,entom5,1
79,entom,c2,entom6,0
79,entom,c2,entom7,0
79,entom,c2,total,2
79,entom,cGPT,entom1,1
79,entom,cGPT,entom2,0
79,entom,cGPT,entom3,0
79,entom,cGPT,entom4,1
79,entom,cGPT,entom5,1
79,entom,cGPT,entom6,1
79,entom,cGPT,entom7,1
79,entom,cGPT,total,5
79,entom,c1,totalp,0.21428571428571427
79,entom,c2,totalp,0.14285714285714285
79,entom,cGPT,totalp,0.35714285714285715
96,entom,c1,entom1,0
96,entom,c1,entom2,0
96,entom,c1,entom3,0
96,entom,c1,entom4,0
96,entom,c1,entom5,2
96,entom,c1,entom6,1
96,entom,c1,entom7,0
96,entom,c1,total,3
96,entom,c2,entom1,0
96,entom,c2,entom2,0
96,entom,c2,entom3,0
96,entom,c2,entom4,1
96,entom,c2,entom5,1
96,entom,c2,entom6,0
96,entom,c2,entom7,0
96,entom,c2,total,2
96,entom,cGPT,entom1,0
96,entom,cGPT,entom2,0
96,entom,cGPT,entom3,0
96,entom,cGPT,entom4,0
96,entom,cGPT,entom5,1
96,entom,cGPT,entom6,1
96,entom,cGPT,entom7,1
96,entom,cGPT,total,3
96,entom,c1,totalp,0.21428571428571427
96,entom,c2,totalp,0.14285714285714285
96,entom,cGPT,totalp,0.21428571428571427
180,entom,c1,entom1,0
180,entom,c1,entom2,0
180,entom,c1,entom3,0
180,entom,c1,entom4,0
180,entom,c1,entom5,0
180,entom,c1,entom6,0
180,entom,c1,entom7,0
180,entom,c1,total,0
180,entom,c2,entom1,0
180,entom,c2,entom2,1
180,entom,c2,entom3,1
180,entom,c2,entom4,0
180,entom,c2,entom5,1
180,entom,c2,entom6,0
180,entom,c2,entom7,0
180,entom,c2,total,3
180,entom,cGPT,entom1,0
180,entom,cGPT,entom2,1
180,entom,cGPT,entom3,1
180,entom,cGPT,entom4,0
180,entom,cGPT,entom5,1
180,entom,cGPT,entom6,0
180,entom,cGPT,entom7,0
180,entom,cGPT,total,3
180,entom,c1,totalp,0
180,entom,c2,totalp,0.21428571428571427
180,entom,cGPT,totalp,0.21428571428571427
190,entom,c1,entom1,0
190,entom,c1,entom2,0
190,entom,c1,entom3,0
190,entom,c1,entom4,1
190,entom,c1,entom5,1
190,entom,c1,entom6,1
190,entom,c1,entom7,0
190,entom,c1,total,3
190,entom,c2,entom1,1
190,entom,c2,entom2,1
190,entom,c2,entom3,0
190,entom,c2,entom4,1
190,entom,c2,entom5,1
190,entom,c2,entom6,1
190,entom,c2,entom7,0
190,entom,c2,total,5
190,entom,cGPT,entom1,1
190,entom,cGPT,entom2,1
190,entom,cGPT,entom3,0
190,entom,cGPT,entom4,1
190,entom,cGPT,entom5,0
190,entom,cGPT,entom6,1
190,entom,cGPT,entom7,0
190,entom,cGPT,total,4
190,entom,c1,totalp,0.21428571428571427
190,entom,c2,totalp,0.35714285714285715
190,entom,cGPT,totalp,0.2857142857142857
183,entom,c1,entom1,1
183,entom,c1,entom2,1
183,entom,c1,entom3,2
183,entom,c1,entom4,0
183,entom,c1,entom5,2
183,entom,c1,entom6,0
183,entom,c1,entom7,0
183,entom,c1,total,6
183,entom,c2,entom1,1
183,entom,c2,entom2,0
183,entom,c2,entom3,1
183,entom,c2,entom4,0
183,entom,c2,entom5,2
183,entom,c2,entom6,0
183,entom,c2,entom7,1
183,entom,c2,total,5
183,entom,cGPT,entom1,1
183,entom,cGPT,entom2,1
183,entom,cGPT,entom3,1
183,entom,cGPT,entom4,1
183,entom,cGPT,entom5,1
183,entom,cGPT,entom6,0
183,entom,cGPT,entom7,1
183,entom,cGPT,total,6
183,entom,c1,totalp,0.42857142857142855
183,entom,c2,totalp,0.35714285714285715
183,entom,cGPT,totalp,0.42857142857142855
99,entom,c1,entom1,0
99,entom,c1,entom2,0
99,entom,c1,entom3,0
99,entom,c1,entom4,2
99,entom,c1,entom5,1
99,entom,c1,entom6,1
99,entom,c1,entom7,0
99,entom,c1,total,4
99,entom,c2,entom1,0
99,entom,c2,entom2,0
99,entom,c2,entom3,0
99,entom,c2,entom4,1
99,entom,c2,entom5,1
99,entom,c2,entom6,1
99,entom,c2,entom7,0
99,entom,c2,total,3
99,entom,cGPT,entom1,1
99,entom,cGPT,entom2,0
99,entom,cGPT,entom3,0
99,entom,cGPT,entom4,1
99,entom,cGPT,entom5,1
99,entom,cGPT,entom6,1
99,entom,cGPT,entom7,1
99,entom,cGPT,total,5
99,entom,c1,totalp,0.2857142857142857
99,entom,c2,totalp,0.21428571428571427
99,entom,cGPT,totalp,0.35714285714285715
68,entom,c1,entom1,0
68,entom,c1,entom2,0
68,entom,c1,entom3,0
68,entom,c1,entom4,0
68,entom,c1,entom5,1
68,entom,c1,entom6,1
68,entom,c1,entom7,0
68,entom,c1,total,2
68,entom,c2,entom1,0
68,entom,c2,entom2,0
68,entom,c2,entom3,0
68,entom,c2,entom4,1
68,entom,c2,entom5,1
68,entom,c2,entom6,1
68,entom,c2,entom7,0
68,entom,c2,total,3
68,entom,cGPT,entom1,0
68,entom,cGPT,entom2,0
68,entom,cGPT,entom3,0
68,entom,cGPT,entom4,0
68,entom,cGPT,entom5,1
68,entom,cGPT,entom6,1
68,entom,cGPT,entom7,0
68,entom,cGPT,total,2
68,entom,c1,totalp,0.14285714285714285
68,entom,c2,totalp,0.21428571428571427
68,entom,cGPT,totalp,0.14285714285714285
163,entom,c1,entom1,2
163,entom,c1,entom2,2
163,entom,c1,entom3,2
163,entom,c1,entom4,2
163,entom,c1,entom5,2
163,entom,c1,entom6,2
163,entom,c1,entom7,2
163,entom,c1,total,14
163,entom,c2,entom1,2
163,entom,c2,entom2,2
163,entom,c2,entom3,2
163,entom,c2,entom4,2
163,entom,c2,entom5,2
163,entom,c2,entom6,1
163,entom,c2,entom7,2
163,entom,c2,total,13
163,entom,cGPT,entom1,2
163,entom,cGPT,entom2,2
163,entom,cGPT,entom3,2
163,entom,cGPT,entom4,2
163,entom,cGPT,entom5,2
163,entom,cGPT,entom6,2
163,entom,cGPT,entom7,2
163,entom,cGPT,total,14
163,entom,c1,totalp,1
163,entom,c2,totalp,0.9285714285714286
163,entom,cGPT,totalp,1
115,entom,c1,entom1,0
115,entom,c1,entom2,0
115,entom,c1,entom3,0
115,entom,c1,entom4,0
115,entom,c1,entom5,1
115,entom,c1,entom6,1
115,entom,c1,entom7,0
115,entom,c1,total,2
115,entom,c2,entom1,0
115,entom,c2,entom2,0
115,entom,c2,entom3,1
115,entom,c2,entom4,1
115,entom,c2,entom5,1
115,entom,c2,entom6,1
115,entom,c2,entom7,0
115,entom,c2,total,4
115,entom,cGPT,entom1,0
115,entom,cGPT,entom2,0
115,entom,cGPT,entom3,0
115,entom,cGPT,entom4,0
115,entom,cGPT,entom5,1
115,entom,cGPT,entom6,1
115,entom,cGPT,entom7,0
115,entom,cGPT,total,2
115,entom,c1,totalp,0.14285714285714285
115,entom,c2,totalp,0.2857142857142857
115,entom,cGPT,totalp,0.14285714285714285
109,entom,c1,entom1,0
109,entom,c1,entom2,0
109,entom,c1,entom3,0
109,entom,c1,entom4,0
109,entom,c1,entom5,1
109,entom,c1,entom6,1
109,entom,c1,entom7,0
109,entom,c1,total,2
109,entom,c2,entom1,0
109,entom,c2,entom2,0
109,entom,c2,entom3,0
109,entom,c2,entom4,1
109,entom,c2,entom5,1
109,entom,c2,entom6,1
109,entom,c2,entom7,0
109,entom,c2,total,3
109,entom,cGPT,entom1,0
109,entom,cGPT,entom2,0
109,entom,cGPT,entom3,0
109,entom,cGPT,entom4,0
109,entom,cGPT,entom5,0
109,entom,cGPT,entom6,1
109,entom,cGPT,entom7,0
109,entom,cGPT,total,1
109,entom,c1,totalp,0.14285714285714285
109,entom,c2,totalp,0.21428571428571427
109,entom,cGPT,totalp,0.07142857142857142
4,entom,c1,entom1,0
4,entom,c1,entom2,0
4,entom,c1,entom3,0
4,entom,c1,entom4,0
4,entom,c1,entom5,0
4,entom,c1,entom6,0
4,entom,c1,entom7,0
4,entom,c1,total,0
4,entom,c2,entom1,0
4,entom,c2,entom2,1
4,entom,c2,entom3,0
4,entom,c2,entom4,0
4,entom,c2,entom5,0
4,entom,c2,entom6,0
4,entom,c2,entom7,0
4,entom,c2,total,1
4,entom,cGPT,entom1,0
4,entom,cGPT,entom2,1
4,entom,cGPT,entom3,0
4,entom,cGPT,entom4,0
4,entom,cGPT,entom5,0
4,entom,cGPT,entom6,0
4,entom,cGPT,entom7,0
4,entom,cGPT,total,1
4,entom,c1,totalp,0
4,entom,c2,totalp,0.07142857142857142
4,entom,cGPT,totalp,0.07142857142857142
64,entom,c1,entom1,0
64,entom,c1,entom2,0
64,entom,c1,entom3,0
64,entom,c1,entom4,0
64,entom,c1,entom5,0
64,entom,c1,entom6,0
64,entom,c1,entom7,0
64,entom,c1,total,0
64,entom,c2,entom1,0
64,entom,c2,entom2,0
64,entom,c2,entom3,0
64,entom,c2,entom4,1
64,entom,c2,entom5,1
64,entom,c2,entom6,0
64,entom,c2,entom7,0
64,entom,c2,total,2
64,entom,cGPT,entom1,0
64,entom,cGPT,entom2,0
64,entom,cGPT,entom3,0
64,entom,cGPT,entom4,0
64,entom,cGPT,entom5,1
64,entom,cGPT,entom6,0
64,entom,cGPT,entom7,0
64,entom,cGPT,total,1
64,entom,c1,totalp,0
64,entom,c2,totalp,0.14285714285714285
64,entom,cGPT,totalp,0.07142857142857142
23,entom,c1,entom1,0
23,entom,c1,entom2,0
23,entom,c1,entom3,0
23,entom,c1,entom4,0
23,entom,c1,entom5,0
23,entom,c1,entom6,1
23,entom,c1,entom7,0
23,entom,c1,total,1
23,entom,c2,entom1,0
23,entom,c2,entom2,0
23,entom,c2,entom3,0
23,entom,c2,entom4,0
23,entom,c2,entom5,1
23,entom,c2,entom6,0
23,entom,c2,entom7,0
23,entom,c2,total,1
23,entom,cGPT,entom1,0
23,entom,cGPT,entom2,0
23,entom,cGPT,entom3,0
23,entom,cGPT,entom4,0
23,entom,cGPT,entom5,0
23,entom,cGPT,entom6,1
23,entom,cGPT,entom7,0
23,entom,cGPT,total,1
23,entom,c1,totalp,0.07142857142857142
23,entom,c2,totalp,0.07142857142857142
23,entom,cGPT,totalp,0.07142857142857142
