Submission id,Participant id,Status,Custom study tncs accepted at,Started at,Completed at,Reviewed at,Archived at,Time taken,Completion code,Total approvals,Age,Sex,Ethnicity simplified,Country of birth,Country of residence,Nationality,Language,Student status,Employment status
6763018e2c92ea0e6bb10572,66d74dbe2e622fcb810c8192,RETURNED,Not Applicable,2024-12-18T17:09:50.284000Z,2024-12-18T17:10:43.845000Z,,2024-12-18T17:12:05.572033Z,,COJL1FVU,253,CONSENT_REVOKED,CONSENT_REVOKED,CONSENT_REVOKED,CONSENT_REVOKED,CONSENT_REVOKED,CONSENT_REVOKED,CONSENT_REVOKED,CONSENT_REVOKED,CONSENT_REVOKED
67630192ccbd19cf5b94b0bf,66229d058f6be22dcb26239e,AWAITING REVIEW,Not Applicable,2024-12-18T17:08:34.883000Z,2024-12-18T17:17:25.858000Z,,2024-12-18T17:17:51.759745Z,531.0,CSKVNQ3T,311,19,Male,Asian,United Kingdom,United Kingdom,United Kingdom,English,Yes,Part-Time
676301a59b8bff2c541e15b5,5f05b83adc09920695cd224d,AWAITING REVIEW,Not Applicable,2024-12-18T17:08:53.536000Z,2024-12-18T17:16:57.923000Z,,2024-12-18T17:17:37.888760Z,485.0,CSKVNQ3T,407,23,Male,White,United Kingdom,United Kingdom,United Kingdom,English,Yes,Unemployed (and job seeking)
676301ac905c223edecc02dd,63d7ac4c9acdaa357a0ae2d3,AWAITING REVIEW,Not Applicable,2024-12-18T17:09:00.728000Z,2024-12-18T17:17:25.797000Z,,2024-12-18T17:17:51.705111Z,506.0,CSKVNQ3T,888,24,Male,Asian,Pakistan,United Kingdom,United Kingdom,English,DATA_EXPIRED,DATA_EXPIRED
676301b58e795ebb68acf2fb,675ca9e50983ea1f7f34f6a2,AWAITING REVIEW,Not Applicable,2024-12-18T17:09:15.988000Z,2024-12-18T17:15:37.775000Z,,2024-12-18T17:17:03.226873Z,382.0,CSKVNQ3T,16,32,Female,White,United Kingdom,United Kingdom,United Kingdom,English,No,Full-Time
676302084954d3feb462cc89,60ef6c37237a4945078c4098,AWAITING REVIEW,Not Applicable,2024-12-18T17:10:44.356000Z,2024-12-18T17:16:34.252000Z,,2024-12-18T17:17:27.494684Z,350.0,CSKVNQ3T,69,24,Female,White,United Kingdom,United Kingdom,United Kingdom,English,No,DATA_EXPIRED
6763023facbd8e2e2c768abc,66d03cd78e289ebe40c271a8,AWAITING REVIEW,Not Applicable,2024-12-18T17:11:34.453000Z,2024-12-18T17:15:17.943000Z,,2024-12-18T17:16:51.619556Z,224.0,CSKVNQ3T,151,54,Female,White,United Kingdom,United Kingdom,United Kingdom,English,No,Full-Time
676302a63c5e29d3fcbf776b,66620bd88d74180e21c047a8,AWAITING REVIEW,Not Applicable,2024-12-18T17:13:14.939000Z,2024-12-18T17:15:53.097000Z,,2024-12-18T17:17:10.663254Z,159.0,CSKVNQ3T,77,25,Female,White,United Kingdom,United Kingdom,United Kingdom,English,No,DATA_EXPIRED
676302bdffc0efe9094e260b,58106d17a513590001b1ec9e,AWAITING REVIEW,Not Applicable,2024-12-18T17:13:59.556000Z,2024-12-18T17:19:45.551000Z,,2024-12-18T17:19:48.212647Z,346.0,CSKVNQ3T,3603,64,Male,White,United Kingdom,United Kingdom,United Kingdom,English,No,Full-Time
676302db1f827edbe73f09fb,5c446de311bc1c0001fff3fe,AWAITING REVIEW,Not Applicable,2024-12-18T17:14:03.665000Z,2024-12-18T17:33:14.954000Z,,2024-12-18T17:35:57.736244Z,1152.0,CSKVNQ3T,916,24,Male,Mixed,United Kingdom,United Kingdom,United Kingdom,English,Yes,Unemployed (and job seeking)
676302e4b0d9dcea0bcd902c,66327d41c775fbf9149cdab9,AWAITING REVIEW,Not Applicable,2024-12-18T17:14:17.781000Z,2024-12-18T17:18:52.198000Z,,2024-12-18T17:18:53.451478Z,275.0,CSKVNQ3T,240,28,Male,White,United Kingdom,United Kingdom,United Kingdom,English,Yes,Full-Time
676303225ce2d5a04bf9761b,62a1979157e5b6c9a24af760,AWAITING REVIEW,Not Applicable,2024-12-18T17:18:13.909000Z,2024-12-18T17:24:18.152000Z,,2024-12-18T17:25:28.279465Z,365.0,CSKVNQ3T,1145,28,Female,White,United Kingdom,United Kingdom,United Kingdom,English,No,DATA_EXPIRED
676303237182e94ffa836d82,59dc8c1b24d7bf00012f099f,AWAITING REVIEW,Not Applicable,2024-12-18T17:15:28.194000Z,2024-12-18T17:21:30.896000Z,,2024-12-18T17:21:33.921523Z,363.0,CSKVNQ3T,911,39,Female,White,United Kingdom,United Kingdom,United Kingdom,English,No,DATA_EXPIRED
6763035ac278ab01fb412478,67438ba09b2e2620cc0b1cfb,AWAITING REVIEW,Not Applicable,2024-12-18T17:16:10.680000Z,2024-12-18T17:28:47.827000Z,,2024-12-18T17:28:48.908091Z,758.0,CSKVNQ3T,33,24,Female,Asian,Kenya,United Kingdom,United Kingdom,English,Yes,Part-Time
6763037f113f7a505ae6aea6,675b3b6f485f429352f7c3b4,AWAITING REVIEW,Not Applicable,2024-12-18T17:17:08.030000Z,2024-12-18T17:36:04.978000Z,,2024-12-18T17:37:18.499674Z,1137.0,CSKVNQ3T,13,24,Female,White,Kenya,United Kingdom,United Kingdom,English,No,Full-Time
676303997e62b422ffc656f4,673ab02669cc4fadd7431dd4,AWAITING REVIEW,Not Applicable,2024-12-18T17:17:22.703000Z,2024-12-18T17:26:43.639000Z,,2024-12-18T17:26:46.739226Z,561.0,CSKVNQ3T,17,57,Female,White,United Kingdom,United Kingdom,United Kingdom,English,No,"Not in paid work (e.g. homemaker', 'retired or disabled)"
676303d22c5a9b9144213702,66d31eb1fa387442fa9b006b,AWAITING REVIEW,Not Applicable,2024-12-18T17:18:20.070000Z,2024-12-18T17:22:58.731000Z,,2024-12-18T17:24:20.694231Z,279.0,CSKVNQ3T,199,55,Female,White,United Kingdom,United Kingdom,United Kingdom,English,No,Part-Time
676304371632aadb15a98a52,571b79465d40840012c4055a,AWAITING REVIEW,Not Applicable,2024-12-18T17:19:57.055000Z,2024-12-18T17:24:07.960000Z,,2024-12-18T17:25:24.754379Z,251.0,CSKVNQ3T,5,31,Female,DATA_EXPIRED,United Kingdom,United Kingdom,United Kingdom,English,No,DATA_EXPIRED
6763043ccd6929f501e61df4,66ff0f86f68a93f93f223695,AWAITING REVIEW,Not Applicable,2024-12-18T17:20:04.743000Z,2024-12-18T17:25:59.752000Z,,2024-12-18T17:26:01.755070Z,356.0,CSKVNQ3T,83,27,Female,Black,Nigeria,United Kingdom,United Kingdom,English,DATA_EXPIRED,Full-Time
67630447d328b8727b4b4964,674587b5e9524180a1cb7151,AWAITING REVIEW,Not Applicable,2024-12-18T17:20:15.444000Z,2024-12-18T17:30:14.153000Z,,2024-12-18T17:30:16.093728Z,599.0,CSKVNQ3T,40,51,Female,White,Kenya,United Kingdom,United Kingdom,English,Yes,Part-Time
6763045ee3bc0bed26b89c1f,67122a8cf1d2b9c37d3e946f,AWAITING REVIEW,Not Applicable,2024-12-18T17:20:47.423000Z,2024-12-18T17:44:44.044000Z,,2024-12-18T17:44:56.937804Z,1437.0,CSKVNQ3T,120,27,Male,Black,United Kingdom,United Kingdom,United Kingdom,English,DATA_EXPIRED,DATA_EXPIRED
6763047fd8204f0929598f75,642c006ab77c5c86b854e95a,AWAITING REVIEW,Not Applicable,2024-12-18T17:21:11.352000Z,2024-12-18T17:26:19.709000Z,,2024-12-18T17:26:20.532201Z,309.0,CSKVNQ3T,1184,67,Male,White,United Kingdom,United Kingdom,United Kingdom,English,DATA_EXPIRED,"Not in paid work (e.g. homemaker', 'retired or disabled)"
67630494e4b4255fc594b2fa,61265e53740259c87b17cc66,AWAITING REVIEW,Not Applicable,2024-12-18T17:21:29.813000Z,2024-12-18T17:27:29.861000Z,,2024-12-18T17:27:58.343622Z,361.0,CSKVNQ3T,676,60,Male,White,United Kingdom,United Kingdom,United Kingdom,English,No,Full-Time
676304ad5ac94a82f09c1360,669c078158b1c15d4e7613f6,AWAITING REVIEW,Not Applicable,2024-12-18T17:27:46.010000Z,2024-12-18T17:40:47.119000Z,,2024-12-18T17:40:48.191684Z,782.0,CSKVNQ3T,235,39,Male,White,United Kingdom,United Kingdom,United Kingdom,English,No,Part-Time
676304be68c16e19747badd1,5992f3b9004c4f0001cc81ac,AWAITING REVIEW,Not Applicable,2024-12-18T17:22:14.928000Z,2024-12-18T17:25:52.283000Z,,2024-12-18T17:25:56.563726Z,218.0,CSKVNQ3T,1041,55,Female,White,United Kingdom,United Kingdom,United Kingdom,English,DATA_EXPIRED,DATA_EXPIRED
676304d082759748c2d4e557,605500e693ca3bba01b3fcea,AWAITING REVIEW,Not Applicable,2024-12-18T17:22:29.715000Z,2024-12-18T17:24:17.901000Z,,2024-12-18T17:25:29.760155Z,109.0,CSKVNQ3T,197,22,Male,White,United Kingdom,United Kingdom,United Kingdom,English,Yes,Part-Time
676304d4314f22c7bec243ee,66af9cb47a90d72488befa2c,AWAITING REVIEW,Not Applicable,2024-12-18T17:22:38.311000Z,2024-12-18T17:27:58.024000Z,,2024-12-18T17:28:11.318749Z,320.0,CSKVNQ3T,41,20,Female,Asian,United Kingdom,United Kingdom,United Kingdom,English,Yes,Unemployed (and job seeking)
676304d92c5a9b914421372e,5fbccd88199e4319f7a988d2,AWAITING REVIEW,Not Applicable,2024-12-18T17:22:37.754000Z,2024-12-18T17:25:30.220000Z,,2024-12-18T17:25:51.485677Z,173.0,CSKVNQ3T,1424,32,Female,White,United Kingdom,United Kingdom,United Kingdom,English,Yes,Full-Time
676304da9ed7d6284888f993,673741d5e8999c8a575d36b1,AWAITING REVIEW,Not Applicable,2024-12-18T17:22:42.626000Z,2024-12-18T17:28:54.755000Z,,2024-12-18T17:28:55.461615Z,373.0,CSKVNQ3T,131,43,Female,White,United Kingdom,United Kingdom,United Kingdom,English,No,Part-Time
676304dd637b5d46e0167b54,6658b1491e88ec15902d5301,AWAITING REVIEW,Not Applicable,2024-12-18T17:22:48.669000Z,2024-12-18T17:25:29.706000Z,,2024-12-18T17:25:51.625920Z,162.0,CSKVNQ3T,301,34,Female,White,United Kingdom,United Kingdom,United Kingdom,English,No,Full-Time
676304e44d553ddc75495e7c,66da0dd8ad621b8de306bd36,AWAITING REVIEW,Not Applicable,2024-12-18T17:22:49.431000Z,2024-12-18T17:26:03.706000Z,,2024-12-18T17:26:04.644095Z,195.0,CSKVNQ3T,216,29,Female,White,United Kingdom,United Kingdom,United Kingdom,English,No,Full-Time
676304e49ec6721f6768245d,655637f17255cd12d40496e5,AWAITING REVIEW,Not Applicable,2024-12-18T17:24:44.545000Z,2024-12-18T17:35:03.025000Z,,2024-12-18T17:37:05.685048Z,619.0,CSKVNQ3T,640,51,Female,White,Australia,United Kingdom,United Kingdom,English,DATA_EXPIRED,DATA_EXPIRED
676304e5c278ab01fb4124cb,596141af7ab4ce00017b8638,AWAITING REVIEW,Not Applicable,2024-12-18T17:24:10.027000Z,2024-12-18T17:30:32.872000Z,,2024-12-18T17:30:36.159687Z,383.0,CSKVNQ3T,389,48,Female,White,United Kingdom,United Kingdom,United Kingdom,English,DATA_EXPIRED,Other
676304e608cb125b84864b5d,5a2ef9bbfd28e9000102ee68,AWAITING REVIEW,Not Applicable,2024-12-18T17:22:56.469000Z,2024-12-18T17:25:49.539000Z,,2024-12-18T17:25:55.447701Z,174.0,CSKVNQ3T,2593,52,Female,White,United Kingdom,United Kingdom,United Kingdom,English,No,Part-Time
676304e6d848570bddcd8f93,66aba420ff3e6b366e465ffc,AWAITING REVIEW,Not Applicable,2024-12-18T17:22:54.196000Z,2024-12-18T17:32:12.073000Z,,2024-12-18T17:32:13.500419Z,558.0,CSKVNQ3T,370,37,Female,Asian,United Kingdom,United Kingdom,United Kingdom,English,No,"Not in paid work (e.g. homemaker', 'retired or disabled)"
676304e77892bc500e762fd7,6658b4ff0f6362e1f068dd84,AWAITING REVIEW,Not Applicable,2024-12-18T17:22:56.595000Z,2024-12-18T17:26:44.168000Z,,2024-12-18T17:26:47.450956Z,228.0,CSKVNQ3T,124,32,Female,White,United Kingdom,United Kingdom,United Kingdom,English,No,"Not in paid work (e.g. homemaker', 'retired or disabled)"
676304e89b8a99d5a4fdc16e,66fc6008cda3d277a8978dbf,AWAITING REVIEW,Not Applicable,2024-12-18T17:23:03.537000Z,2024-12-18T17:40:32.023000Z,,2024-12-18T17:40:32.752490Z,1049.0,CSKVNQ3T,253,36,Female,White,United Kingdom,United Kingdom,United Kingdom,English,No,Other
676304ea6ae168ac60c4a8b3,674c6f7fe87eab7b4209645f,AWAITING REVIEW,Not Applicable,2024-12-18T17:23:00.811000Z,2024-12-18T17:32:31.916000Z,,2024-12-18T17:35:14.621922Z,572.0,CSKVNQ3T,67,22,Female,Black,Kenya,United Kingdom,United Kingdom,English,Yes,Full-Time
676304ebb99818b56e22be64,62b5d92be777f3aa7176307e,AWAITING REVIEW,Not Applicable,2024-12-18T17:22:55.408000Z,2024-12-18T17:29:26.329000Z,,2024-12-18T17:29:27.073480Z,391.0,CSKVNQ3T,1689,30,Female,White,United Kingdom,United Kingdom,United Kingdom,English,No,Full-Time
676304ec4e707ea02650cddc,61656042f505fd7fa53e8628,AWAITING REVIEW,Not Applicable,2024-12-18T17:23:02.166000Z,2024-12-18T17:26:21.533000Z,,2024-12-18T17:26:23.155641Z,200.0,CSKVNQ3T,2218,55,Female,White,United Kingdom,United Kingdom,United Kingdom,English,No,Part-Time
676304ec7f6e929d7f3f11a0,672f7f74c3a43b87219e989b,AWAITING REVIEW,Not Applicable,2024-12-18T17:22:59.640000Z,2024-12-18T17:30:34.147000Z,,2024-12-18T17:30:35.143670Z,455.0,CSKVNQ3T,51,58,Male,White,United Kingdom,United Kingdom,United Kingdom,English,No,Full-Time
676304ec923a350275edf675,66b4d1c6baebcd64eff912b0,AWAITING REVIEW,Not Applicable,2024-12-18T17:23:17.534000Z,2024-12-18T17:30:38.783000Z,,2024-12-18T17:30:41.562541Z,442.0,CSKVNQ3T,241,20,Female,Asian,United Kingdom,United Kingdom,United Kingdom,English,Yes,Part-Time
676304ed50d74e74ac68beae,652be58c7d5885fc2d4abe9e,AWAITING REVIEW,Not Applicable,2024-12-18T17:23:04.387000Z,2024-12-18T17:35:48.403000Z,,2024-12-18T17:37:15.464162Z,765.0,CSKVNQ3T,970,65,Female,White,United Kingdom,United Kingdom,United Kingdom,English,No,"Not in paid work (e.g. homemaker', 'retired or disabled)"
676304edc6334f3fcae5b71f,5d8b66f5d189bd001a378273,AWAITING REVIEW,Not Applicable,2024-12-18T17:22:53.795000Z,2024-12-18T17:29:09.661000Z,,2024-12-18T17:29:10.667505Z,376.0,CSKVNQ3T,3235,46,Female,White,United Kingdom,United Kingdom,United Kingdom,English,No,"Not in paid work (e.g. homemaker', 'retired or disabled)"
676304eebf0734e2e36e2ce9,673789bed0ce05cea7ae8a9f,AWAITING REVIEW,Not Applicable,2024-12-18T17:23:23.421000Z,2024-12-18T17:31:21.328000Z,,2024-12-18T17:31:22.259657Z,478.0,CSKVNQ3T,106,34,Female,Black,United Kingdom,United Kingdom,United Kingdom,English,No,Full-Time
676304ef3af6b79366b91cdd,6658ed45f69162ea286e4e3a,AWAITING REVIEW,Not Applicable,2024-12-18T17:22:59.977000Z,2024-12-18T17:28:00.972000Z,,2024-12-18T17:28:12.429686Z,301.0,CSKVNQ3T,506,40,Female,White,United Kingdom,United Kingdom,United Kingdom,English,No,Full-Time
676304ef8c1024a1b2f8d38b,6756c77a4fd6d92bfff35608,AWAITING REVIEW,Not Applicable,2024-12-18T17:23:11.824000Z,2024-12-18T17:40:15.537000Z,,2024-12-18T19:14:04.923615Z,1024.0,CSKVNQ3T,34,28,Female,Black,Kenya,United Kingdom,United Kingdom,English,No,Full-Time
676304f0f9251c505af52d41,62b22949a3d0a8d422573f97,AWAITING REVIEW,Not Applicable,2024-12-18T17:23:03.246000Z,2024-12-18T17:33:19.329000Z,,2024-12-18T17:36:02.918039Z,617.0,CSKVNQ3T,1674,60,Male,White,United Kingdom,United Kingdom,United Kingdom,English,No,Full-Time
676304f3735356e04dbf1338,663d13692f42c80c8f3d6024,AWAITING REVIEW,Not Applicable,2024-12-18T17:23:08.639000Z,2024-12-18T17:28:08.611000Z,,2024-12-18T17:28:15.852011Z,300.0,CSKVNQ3T,25,56,Female,Mixed,United Kingdom,United Kingdom,United Kingdom,English,No,DATA_EXPIRED
676304f4f0ca0418534347c1,6665904b0e63103ee5dd67e4,RETURNED,Not Applicable,2024-12-18T17:23:00.506000Z,2024-12-18T17:24:46.441000Z,,2024-12-18T17:25:35.435917Z,,COJL1FVU,294,CONSENT_REVOKED,CONSENT_REVOKED,CONSENT_REVOKED,CONSENT_REVOKED,CONSENT_REVOKED,CONSENT_REVOKED,CONSENT_REVOKED,CONSENT_REVOKED,CONSENT_REVOKED
676304f5c566d52dc9e7dc4c,590c5b82d919990001f8464f,AWAITING REVIEW,Not Applicable,2024-12-18T17:23:10Z,2024-12-18T17:24:03.202000Z,,2024-12-18T17:25:22.245698Z,54.0,COJL1FVU,452,37,Female,Black,United Kingdom,United Kingdom,United Kingdom,English,No,Other
676304f5dcd984591fd89899,6713c59ba38a829eb6d2a758,AWAITING REVIEW,Not Applicable,2024-12-18T17:23:06.608000Z,2024-12-18T17:26:49.456000Z,,2024-12-18T17:26:52.450714Z,223.0,CSKVNQ3T,99,39,Female,White,United Kingdom,United Kingdom,United Kingdom,English,No,Full-Time
676304f6cbd2d861deb47f8a,66c907f228e14d39b41c04f4,AWAITING REVIEW,Not Applicable,2024-12-18T17:23:19.500000Z,2024-12-18T17:31:41.297000Z,,2024-12-18T17:31:42.016331Z,502.0,CSKVNQ3T,144,53,Female,Black,United Kingdom,United Kingdom,United Kingdom,English,No,Part-Time
676304f7d0a47bcd54f3002b,671b9d84bec15d847b871466,AWAITING REVIEW,Not Applicable,2024-12-18T17:23:32.333000Z,2024-12-18T17:37:15.540000Z,,2024-12-18T17:37:28.283612Z,824.0,CSKVNQ3T,115,67,Female,White,United Kingdom,United Kingdom,United Kingdom,English,No,"Not in paid work (e.g. homemaker', 'retired or disabled)"
676304f8333b0be4679c1364,5ede80a7316c240fc78b6f6a,AWAITING REVIEW,Not Applicable,2024-12-18T17:23:11.728000Z,2024-12-18T17:31:17.096000Z,,2024-12-18T17:31:17.822241Z,486.0,CSKVNQ3T,1248,56,Female,White,United Kingdom,United Kingdom,United Kingdom,English,DATA_EXPIRED,Full-Time
676304f9d328b8727b4b4987,5a8e886f0f1bce0001227b49,AWAITING REVIEW,Not Applicable,2024-12-18T17:23:19.450000Z,2024-12-18T17:29:03.253000Z,,2024-12-18T17:29:04.144836Z,344.0,CSKVNQ3T,364,40,Female,White,United Kingdom,United Kingdom,United Kingdom,English,No,"Not in paid work (e.g. homemaker', 'retired or disabled)"
676304fa30e12e6aae747728,66cb3157319592195a840f09,AWAITING REVIEW,Not Applicable,2024-12-18T17:23:13.765000Z,2024-12-18T17:29:34.607000Z,,2024-12-18T17:29:35.418533Z,381.0,CSKVNQ3T,252,53,Female,Asian,United Kingdom,United Kingdom,United Kingdom,English,No,Part-Time
676304fc5cf3d8a7ec64d2cb,64837ba51422d817b62cc5cc,AWAITING REVIEW,Not Applicable,2024-12-18T17:23:08.382000Z,2024-12-18T17:29:26.809000Z,,2024-12-18T17:29:27.374608Z,379.0,CSKVNQ3T,1183,66,Female,White,United Kingdom,United Kingdom,United Kingdom,English,No,"Not in paid work (e.g. homemaker', 'retired or disabled)"
676304fdf6f278902c651e46,5b2c0de67297750001c794ab,AWAITING REVIEW,Not Applicable,2024-12-18T17:23:23.321000Z,2024-12-18T17:28:41.261000Z,,2024-12-18T17:28:42.086019Z,318.0,CSKVNQ3T,930,33,Female,White,United Kingdom,United Kingdom,United Kingdom,English,No,Full-Time
676304feacf0a22dfe6865d4,5a7226d9f660ae0001a9a547,AWAITING REVIEW,Not Applicable,2024-12-18T17:23:28.501000Z,2024-12-18T17:26:39.883000Z,,2024-12-18T17:26:42.405308Z,192.0,CSKVNQ3T,1349,25,Female,White,United Kingdom,United Kingdom,United Kingdom,English,No,Part-Time
676304fec8bf9b537efabde8,5e8592a92c33ae18079ebf68,AWAITING REVIEW,Not Applicable,2024-12-18T17:23:19.752000Z,2024-12-18T17:27:48.655000Z,,2024-12-18T17:28:07.981992Z,269.0,CSKVNQ3T,2195,44,Male,White,United Kingdom,United Kingdom,United Kingdom,English,DATA_EXPIRED,DATA_EXPIRED
676304ff59810c3b29d4e43e,6658dfd7e50ff33e0d8d8802,AWAITING REVIEW,Not Applicable,2024-12-18T17:23:18.643000Z,2024-12-18T17:29:32.101000Z,,2024-12-18T17:29:33.247179Z,374.0,CSKVNQ3T,163,21,Female,White,United Kingdom,United Kingdom,United Kingdom,English,Yes,Unemployed (and job seeking)
6763050056b9be191739b0ad,6730dedb32982b0bdf64d9c2,AWAITING REVIEW,Not Applicable,2024-12-18T17:29:54.167000Z,2024-12-18T17:55:10.278000Z,,2024-12-18T17:55:13.927303Z,1517.0,CSKVNQ3T,48,62,Female,Other,China,United Kingdom,United Kingdom,Chinese,No,"Not in paid work (e.g. homemaker', 'retired or disabled)"
6763050075c6231aceb4aab0,665dc2d6a61b315970a3b030,AWAITING REVIEW,Not Applicable,2024-12-18T17:31:37.155000Z,2024-12-18T17:41:50.292000Z,,2024-12-18T17:41:51.068895Z,614.0,CSKVNQ3T,469,30,Male,Asian,United Kingdom,United Kingdom,United Kingdom,English,No,Full-Time
676305013b2fb39c2f6b1b09,5641193817bdbe00122a0f23,AWAITING REVIEW,Not Applicable,2024-12-18T17:23:35.042000Z,2024-12-18T17:25:57.969000Z,,2024-12-18T17:25:59.928466Z,143.0,CSKVNQ3T,2022,37,Female,White,United Kingdom,United Kingdom,United Kingdom,English,Yes,Full-Time
67630501f88dff8cc24daaa3,62e1581acad06eee3b6509dc,AWAITING REVIEW,Not Applicable,2024-12-18T17:23:42.112000Z,2024-12-18T17:30:22.692000Z,,2024-12-18T17:30:23.905150Z,401.0,CSKVNQ3T,1781,25,Male,Asian,United Kingdom,United Kingdom,United Kingdom,English,No,Full-Time
67630502bf6ccc4a10f90d35,67294b05cdfd3c3bab66672a,AWAITING REVIEW,Not Applicable,2024-12-18T17:23:25.337000Z,2024-12-18T17:31:04.418000Z,,2024-12-18T17:31:05.468134Z,460.0,CSKVNQ3T,167,26,Female,White,United Kingdom,United Kingdom,United Kingdom,English,Yes,Other
67630502c5ff6aeceae076f0,672d2c178464e93c47a7d78d,AWAITING REVIEW,Not Applicable,2024-12-18T17:23:18.106000Z,2024-12-18T17:30:55.084000Z,,2024-12-18T17:30:55.893609Z,457.0,CSKVNQ3T,84,18,Female,White,United Kingdom,United Kingdom,United Kingdom,English,Yes,Part-Time
6763050330dcf6c4a6877b21,644183766b1387e7b9a7b428,AWAITING REVIEW,Not Applicable,2024-12-18T17:23:20.390000Z,2024-12-18T17:27:54.171000Z,,2024-12-18T17:28:10.621580Z,274.0,CSKVNQ3T,822,57,Male,White,United Kingdom,United Kingdom,United Kingdom,English,No,Part-Time
676305033b35133c29c65628,66f5cf5263914b8852c81677,AWAITING REVIEW,Not Applicable,2024-12-18T17:23:25.093000Z,2024-12-18T17:30:28.130000Z,,2024-12-18T17:30:30.071489Z,424.0,CSKVNQ3T,242,40,Female,Asian,United Kingdom,United Kingdom,United Kingdom,English,No,Full-Time
67630504109253b8273bee14,5fda057989ec4c35a700f69f,AWAITING REVIEW,Not Applicable,2024-12-18T17:23:23.189000Z,2024-12-18T17:29:42.935000Z,,2024-12-18T17:29:43.631455Z,380.0,CSKVNQ3T,955,63,Female,White,United Kingdom,United Kingdom,United Kingdom,English,No,"Not in paid work (e.g. homemaker', 'retired or disabled)"
676305053c4b4e07ca3f10f5,599442e6bf8bcf0001ab6857,AWAITING REVIEW,Not Applicable,2024-12-18T17:23:24.787000Z,2024-12-18T17:37:34.550000Z,,2024-12-18T17:38:10.224361Z,850.0,CSKVNQ3T,76,26,Female,DATA_EXPIRED,United Kingdom,United Kingdom,United Kingdom,English,No,Unemployed (and job seeking)
676305058cfe32b40afdc091,5c5225d8a163ac0001721f01,AWAITING REVIEW,Not Applicable,2024-12-18T17:23:33.670000Z,2024-12-18T17:25:51.862000Z,,2024-12-18T17:25:56.215458Z,139.0,CSKVNQ3T,2105,42,Male,White,United Kingdom,United Kingdom,United Kingdom,English,No,Full-Time
67630506c9d7b96e8ab84cd3,6655f0b0a20460cfba948ca9,AWAITING REVIEW,Not Applicable,2024-12-18T17:23:18.188000Z,2024-12-18T17:29:08.492000Z,,2024-12-18T17:29:09.308813Z,351.0,CSKVNQ3T,354,22,Female,White,United Kingdom,United Kingdom,United Kingdom,English,No,Part-Time
676305073e41063c0350cebd,666a1e606b80f9865c1f3d5f,AWAITING REVIEW,Not Applicable,2024-12-18T17:23:19.777000Z,2024-12-18T17:36:15.973000Z,,2024-12-18T17:37:20.340685Z,777.0,CSKVNQ3T,597,52,Male,White,United Kingdom,United Kingdom,United Kingdom,English,No,Full-Time
67630507727f0dec41f2ff08,56c6f9efb0b7a1000c5d12d7,AWAITING REVIEW,Not Applicable,2024-12-18T17:23:19.127000Z,2024-12-18T17:31:13.786000Z,,2024-12-18T17:31:14.477433Z,475.0,CSKVNQ3T,3108,40,Male,White,United Kingdom,United Kingdom,United Kingdom,English,DATA_EXPIRED,DATA_EXPIRED
676305078862686fe2fe3737,59cd58e5aeef3b0001021816,AWAITING REVIEW,Not Applicable,2024-12-18T17:23:29.154000Z,2024-12-18T17:28:51.373000Z,,2024-12-18T17:28:52.361255Z,323.0,CSKVNQ3T,169,34,Female,White,United Kingdom,United Kingdom,United Kingdom,English,Yes,Part-Time
67630507955febfc56df9ea0,67599ff233234e646e9fe3ca,AWAITING REVIEW,Not Applicable,2024-12-18T17:23:31.090000Z,2024-12-18T17:27:43.167000Z,,2024-12-18T17:28:04.431247Z,253.0,CSKVNQ3T,21,38,Female,White,United Kingdom,United Kingdom,United Kingdom,English,No,"Not in paid work (e.g. homemaker', 'retired or disabled)"
676305089ec6721f67682462,5e9086ca917d9039e3c4cd25,AWAITING REVIEW,Not Applicable,2024-12-18T17:26:09.586000Z,2024-12-18T17:29:42.641000Z,,2024-12-18T17:29:43.381712Z,214.0,CSKVNQ3T,482,27,Female,White,United Kingdom,United Kingdom,United Kingdom,English,No,Full-Time
6763050b12c2f36e71d96cd5,5877066b1ed9d10001050b9a,AWAITING REVIEW,Not Applicable,2024-12-18T17:23:47.913000Z,2024-12-18T17:30:10.352000Z,,2024-12-18T17:30:12.224500Z,383.0,CSKVNQ3T,2292,56,Female,Asian,United Kingdom,United Kingdom,United Kingdom,English,No,DATA_EXPIRED
6763050b7e62f3c8bff96297,66d1a3beb6b1c3ca21b3229c,AWAITING REVIEW,Not Applicable,2024-12-18T17:23:28.755000Z,2024-12-18T17:35:19.893000Z,,2024-12-18T17:37:09.250294Z,712.0,CSKVNQ3T,315,35,Male,White,United Kingdom,United Kingdom,United Kingdom,English,No,Full-Time
6763050b8efa75acc77474a1,66a63fbb0a4f33f35327ed8b,AWAITING REVIEW,Not Applicable,2024-12-18T17:25:37.531000Z,2024-12-18T17:35:15.032000Z,,2024-12-18T17:37:08.180294Z,578.0,CSKVNQ3T,347,61,Female,White,United Kingdom,United Kingdom,United Kingdom,English,No,Other
6763050cbb76f26a3bdfa0b6,62b626b7cc2365d4e7f5c5aa,AWAITING REVIEW,Not Applicable,2024-12-18T17:23:24.848000Z,2024-12-18T17:34:28.041000Z,,2024-12-18T17:36:57.126581Z,664.0,CSKVNQ3T,1965,35,Male,Asian,United Kingdom,United Kingdom,United Kingdom,English,No,Full-Time
6763050ccd3f9c0f1d8a8ae0,66b73f9ba035651170b94c76,AWAITING REVIEW,Not Applicable,2024-12-18T17:23:34.482000Z,2024-12-18T17:26:56.583000Z,,2024-12-18T17:26:58.534205Z,203.0,CSKVNQ3T,341,42,Female,White,United Kingdom,United Kingdom,United Kingdom,English,No,Full-Time
6763050f7d08ddd35b9f0b0e,5f6ce7a067864711ebb0f66e,AWAITING REVIEW,Not Applicable,2024-12-18T17:23:31.526000Z,2024-12-18T17:41:03.847000Z,,2024-12-18T18:41:25.182469Z,1053.0,CSKVNQ3T,730,23,Female,White,United Kingdom,United Kingdom,United Kingdom,English,Yes,Part-Time
67630510fc9ae4dae3f8cc36,675cb9909873757b9cfecc94,AWAITING REVIEW,Not Applicable,2024-12-18T17:23:34.062000Z,2024-12-18T17:31:45.220000Z,,2024-12-18T17:31:46.466235Z,492.0,CSKVNQ3T,17,30,Male,Asian,United Kingdom,United Kingdom,United Kingdom,English,Yes,DATA_EXPIRED
676305113855b8add775f440,651c11304182690d4a93ef00,AWAITING REVIEW,Not Applicable,2024-12-18T17:23:38.298000Z,2024-12-18T17:30:31.250000Z,,2024-12-18T17:30:32.505877Z,413.0,CSKVNQ3T,594,63,Male,White,United Kingdom,United Kingdom,United Kingdom,English,No,"Not in paid work (e.g. homemaker', 'retired or disabled)"
676305114187a37b0a17f6ac,672e4b90642e5534acacaf0d,AWAITING REVIEW,Not Applicable,2024-12-18T17:23:47.674000Z,2024-12-18T17:47:55.371000Z,,2024-12-18T17:48:41.420884Z,1448.0,CSKVNQ3T,129,40,Female,White,United Kingdom,United Kingdom,United Kingdom,English,No,Full-Time
67630511910a4eae6e8c8f42,67608eddc200757d830d4bc4,AWAITING REVIEW,Not Applicable,2024-12-18T17:23:42.936000Z,2024-12-18T17:28:09.096000Z,,2024-12-18T17:28:15.925879Z,267.0,CSKVNQ3T,12,21,Female,Black,United Kingdom,United Kingdom,United Kingdom,English,No,Part-Time
67630511dd37bc4b811447f6,67145c4e0e2a9edad423a3c9,AWAITING REVIEW,Not Applicable,2024-12-18T17:23:36.254000Z,2024-12-18T17:28:15.427000Z,,2024-12-18T17:28:19.234687Z,280.0,CSKVNQ3T,182,30,Male,White,United Kingdom,United Kingdom,United Kingdom,English,No,Full-Time
676305127e9256e4e02c9a15,55885582fdf99b4021921fbd,AWAITING REVIEW,Not Applicable,2024-12-18T17:23:44.564000Z,2024-12-18T17:33:05.342000Z,,2024-12-18T17:35:51.058715Z,561.0,CSKVNQ3T,4665,69,Female,White,United Kingdom,United Kingdom,United Kingdom,English,No,"Not in paid work (e.g. homemaker', 'retired or disabled)"
67630512a80aba1254c62481,66f471723322f8d20145ab40,AWAITING REVIEW,Not Applicable,2024-12-18T17:23:40.655000Z,2024-12-18T17:42:26.596000Z,,2024-12-18T17:42:27.733967Z,1126.0,CSKVNQ3T,42,70,Female,White,United Kingdom,United Kingdom,United Kingdom,English,No,"Not in paid work (e.g. homemaker', 'retired or disabled)"
6763051377667b51384d4eaa,5aafd9eff69e940001d88bf4,AWAITING REVIEW,Not Applicable,2024-12-18T17:23:42.799000Z,2024-12-18T17:31:00.604000Z,,2024-12-18T17:31:02.456069Z,438.0,CSKVNQ3T,3331,58,Female,White,United Kingdom,United Kingdom,United Kingdom,English,No,Part-Time
6763051416b3f7ba4e1e1700,66c8a81f25959e5f183e2bb3,AWAITING REVIEW,Not Applicable,2024-12-18T17:23:43.092000Z,2024-12-18T17:31:38.563000Z,,2024-12-18T17:31:39.636626Z,476.0,CSKVNQ3T,269,69,Female,White,United Kingdom,United Kingdom,United Kingdom,English,No,Part-Time
67630514dedf6ea1be839054,66a4e2ddefa8c5e667219dbf,AWAITING REVIEW,Not Applicable,2024-12-18T17:23:38.924000Z,2024-12-18T17:32:22.828000Z,,2024-12-18T17:32:23.899670Z,524.0,CSKVNQ3T,386,63,Male,White,United Kingdom,United Kingdom,United Kingdom,English,No,Full-Time
67630515038d15eb7272794d,59836c8b06cd1f0001f8e111,AWAITING REVIEW,Not Applicable,2024-12-18T17:23:33.844000Z,2024-12-18T17:52:30.500000Z,,2024-12-18T17:52:31.253313Z,1737.0,CSKVNQ3T,1336,43,Female,White,United Kingdom,United Kingdom,United Kingdom,English,DATA_EXPIRED,Part-Time
676305157600c4ffa04b5e04,5b07e80e9d397e0001919fba,AWAITING REVIEW,Not Applicable,2024-12-18T17:23:50.363000Z,2024-12-18T17:32:32.356000Z,,2024-12-18T17:35:14.968674Z,522.0,CSKVNQ3T,1043,47,Male,White,United Kingdom,United Kingdom,United Kingdom,English,DATA_EXPIRED,DATA_EXPIRED
67630515d65d196cb03aa91b,67520e4f9f43d73caaff9faa,AWAITING REVIEW,Not Applicable,2024-12-18T17:24:09.629000Z,2024-12-18T17:35:37.781000Z,,2024-12-18T17:37:13.054789Z,689.0,CSKVNQ3T,44,30,Male,Black,Kenya,United Kingdom,United Kingdom,English,No,Full-Time
67630516621938f919e61c35,5c5d36bc034e280001644c3b,AWAITING REVIEW,Not Applicable,2024-12-18T17:23:40.254000Z,2024-12-18T17:27:54.170000Z,,2024-12-18T17:28:10.514705Z,254.0,CSKVNQ3T,3178,57,Female,Asian,Zimbabwe,United Kingdom,United Kingdom,English,No,Full-Time
67630516d595c7bd86856194,5b5504e902660200017948c3,AWAITING REVIEW,Not Applicable,2024-12-18T17:23:39.112000Z,2024-12-18T17:28:09.753000Z,,2024-12-18T17:28:16.662968Z,271.0,CSKVNQ3T,2046,50,Male,White,United Kingdom,United Kingdom,United Kingdom,English,No,"Not in paid work (e.g. homemaker', 'retired or disabled)"
67630517a40c407dcd0f5a58,5ee0edcb962eba464f486b40,AWAITING REVIEW,Not Applicable,2024-12-18T17:24:19.394000Z,2024-12-18T17:37:05.941000Z,,2024-12-18T17:37:27.205843Z,767.0,CSKVNQ3T,3318,66,Male,White,United Kingdom,United Kingdom,United Kingdom,English,No,"Not in paid work (e.g. homemaker', 'retired or disabled)"
67630517a40c407dcd0f5a5a,5eaaafc16d4da60008d55928,AWAITING REVIEW,Not Applicable,2024-12-18T17:23:45.834000Z,2024-12-18T17:26:43.104000Z,,2024-12-18T17:26:46.309034Z,178.0,CSKVNQ3T,301,37,Female,White,United Kingdom,United Kingdom,United Kingdom,English,Yes,Full-Time
67630517aa2951ca812b1c8d,667fa8cc69c7dda35b75cd14,AWAITING REVIEW,Not Applicable,2024-12-18T17:23:43.418000Z,2024-12-18T17:30:25.809000Z,,2024-12-18T17:30:28.912613Z,403.0,CSKVNQ3T,197,49,Female,White,United States,United Kingdom,United Kingdom,English,No,Full-Time
67630517e3547953c517f4dc,66bbadb8e73e6623c8513977,AWAITING REVIEW,Not Applicable,2024-12-18T17:23:40.023000Z,2024-12-18T17:29:47.753000Z,,2024-12-18T17:29:49.451115Z,368.0,CSKVNQ3T,32,20,Female,Asian,United Kingdom,United Kingdom,United Kingdom,English,Yes,Part-Time
67630517facb1cecd8ba11c5,63c80a427dfa1305502df5a8,AWAITING REVIEW,Not Applicable,2024-12-18T17:23:51.353000Z,2024-12-18T17:36:00.817000Z,,2024-12-18T17:37:17.879320Z,730.0,CSKVNQ3T,1825,60,Male,White,United Kingdom,United Kingdom,United Kingdom,English,No,"Not in paid work (e.g. homemaker', 'retired or disabled)"
67630518c8bf9b537efabdec,5d812e3c613aa900188746a6,AWAITING REVIEW,Not Applicable,2024-12-18T17:23:36.767000Z,2024-12-18T17:33:43.776000Z,,2024-12-18T17:36:26.285385Z,608.0,CSKVNQ3T,1901,67,Female,White,United Kingdom,United Kingdom,United Kingdom,English,No,"Not in paid work (e.g. homemaker', 'retired or disabled)"
67630518c9d7b96e8ab84cdb,67545c44724e5a9bdfa96ab4,AWAITING REVIEW,Not Applicable,2024-12-18T17:23:49.064000Z,2024-12-18T17:38:24.916000Z,,2024-12-18T17:38:26.700518Z,876.0,CSKVNQ3T,38,23,Male,Black,Kenya,United Kingdom,United Kingdom,English,No,Full-Time
67630518cf7f6fe6e8379ed0,6147c5874b61952e42e9b2bd,AWAITING REVIEW,Not Applicable,2024-12-18T17:23:45.662000Z,2024-12-18T17:29:05.370000Z,,2024-12-18T17:29:06.020880Z,320.0,CSKVNQ3T,1509,28,Male,White,United Kingdom,United Kingdom,United Kingdom,English,No,Unemployed (and job seeking)
67630519102433fb300c54f0,674a9b9a3a9836eb39d08671,AWAITING REVIEW,Not Applicable,2024-12-18T17:24:06.865000Z,2024-12-18T17:29:22.134000Z,,2024-12-18T17:29:23.588218Z,316.0,CSKVNQ3T,40,52,Female,White,Kenya,United Kingdom,United Kingdom,English,No,Part-Time
676305197e62f3c8bff9629b,63cedafa29d08471b828a96a,AWAITING REVIEW,Not Applicable,2024-12-18T17:23:37.863000Z,2024-12-18T17:31:05.711000Z,,2024-12-18T17:31:07.659298Z,448.0,CSKVNQ3T,935,46,Female,White,United Kingdom,United Kingdom,United Kingdom,English,No,Full-Time
67630519f86b4ee1ed156fb3,6053e01a6a8e8516ba7d47a7,AWAITING REVIEW,Not Applicable,2024-12-18T17:23:37.639000Z,2024-12-18T17:36:28.665000Z,,2024-12-18T17:37:22.503027Z,772.0,CSKVNQ3T,3128,58,Male,White,United Kingdom,United Kingdom,United Kingdom,English,No,Full-Time
6763051a147d3e9627fc2bd5,66774233add67a4a8e71398e,AWAITING REVIEW,Not Applicable,2024-12-18T17:24:37.757000Z,2024-12-18T17:40:46.343000Z,,2024-12-18T17:40:47.538276Z,969.0,CSKVNQ3T,396,52,Male,White,United Kingdom,United Kingdom,United Kingdom,English,No,"Not in paid work (e.g. homemaker', 'retired or disabled)"
6763051a1d473681a1765eaa,66d349eebb6dc859c3babeba,AWAITING REVIEW,Not Applicable,2024-12-18T17:23:47.796000Z,2024-12-18T17:32:55.141000Z,,2024-12-18T17:35:41.051134Z,548.0,CSKVNQ3T,193,52,Female,White,United Kingdom,United Kingdom,United Kingdom,English,No,"Not in paid work (e.g. homemaker', 'retired or disabled)"
6763051ad848570bddcd8f9c,669bcbe3d03c1be10fb64724,AWAITING REVIEW,Not Applicable,2024-12-18T17:23:47.036000Z,2024-12-18T17:31:47.398000Z,,2024-12-18T17:31:48.882449Z,481.0,CSKVNQ3T,365,54,Male,White,New Zealand,United Kingdom,United Kingdom,English,No,Full-Time
6763051adfb28d673d4edbfa,5755c957eb80c4000741a9ce,AWAITING REVIEW,Not Applicable,2024-12-18T17:23:54.008000Z,2024-12-18T17:28:49.353000Z,,2024-12-18T17:28:50.163188Z,296.0,CSKVNQ3T,4105,42,Male,White,United Kingdom,United Kingdom,United Kingdom,English,No,Full-Time
6763051b113f7a505ae6af08,5987030cfd8cca00015cbc26,AWAITING REVIEW,Not Applicable,2024-12-18T17:23:44.149000Z,2024-12-18T17:32:25.032000Z,,2024-12-18T17:32:25.675469Z,521.0,CSKVNQ3T,3701,60,Female,White,United Kingdom,United Kingdom,United Kingdom,English,No,Full-Time
6763051b9b8a99d5a4fdc180,5fcfa3168335430d143b4431,AWAITING REVIEW,Not Applicable,2024-12-18T17:23:52.044000Z,2024-12-18T17:42:55.915000Z,,2024-12-18T17:42:56.536367Z,1144.0,CSKVNQ3T,434,21,Female,White,United Kingdom,United Kingdom,United Kingdom,English,Yes,Unemployed (and job seeking)
6763051be712eb43036e2d27,5980a6561d20fd0001e6f53f,AWAITING REVIEW,Not Applicable,2024-12-18T17:23:46.473000Z,2024-12-18T17:30:19.147000Z,,2024-12-18T17:30:20.649252Z,393.0,CSKVNQ3T,2390,62,Male,White,United Kingdom,United Kingdom,United Kingdom,English,No,Full-Time
6763051c2c884a860bc625b2,674ca2f2b42dd96dc2f71707,AWAITING REVIEW,Not Applicable,2024-12-18T17:23:40.810000Z,2024-12-18T17:49:50.313000Z,,2024-12-18T17:50:00.480081Z,1570.0,CSKVNQ3T,56,43,Female,White,United Kingdom,United Kingdom,United Kingdom,English,No,"Not in paid work (e.g. homemaker', 'retired or disabled)"
6763051c47433b00089f01fb,6676cd0f8a13e195265eb74d,AWAITING REVIEW,Not Applicable,2024-12-18T17:23:48.974000Z,2024-12-18T17:25:40.736000Z,,2024-12-18T17:25:54.442048Z,112.0,CSKVNQ3T,446,43,Male,Mixed,United Kingdom,United Kingdom,United Kingdom,English,No,Full-Time
6763051ca6d56cf8e8c498ad,6685aed20b0f1e245329031e,AWAITING REVIEW,Not Applicable,2024-12-18T17:25:25.933000Z,2024-12-18T17:36:51.072000Z,,2024-12-18T17:37:25.694587Z,686.0,CSKVNQ3T,311,50,Female,White,United Kingdom,United Kingdom,United Kingdom,English,Yes,Full-Time
6763051dccbd19cf5b94b17c,5d1290103b20b0000102e8e3,AWAITING REVIEW,Not Applicable,2024-12-18T17:23:48.188000Z,2024-12-18T17:32:41.081000Z,,2024-12-18T17:35:25.585909Z,533.0,CSKVNQ3T,3217,37,Female,White,United Kingdom,United Kingdom,United Kingdom,English,No,Full-Time
6763051ea5f950440d68f712,6717d8cdcc4ba47cc4ce465a,AWAITING REVIEW,Not Applicable,2024-12-18T17:23:50.868000Z,2024-12-18T17:32:31.349000Z,,2024-12-18T17:35:14.694792Z,521.0,CSKVNQ3T,43,25,Male,Black,Nigeria,United Kingdom,United Kingdom,English,No,Part-Time
6763051f8981abda5ef78e11,612288fe5afea1bf6b8a197e,AWAITING REVIEW,Not Applicable,2024-12-18T17:23:49.972000Z,2024-12-18T17:26:03.245000Z,,2024-12-18T17:26:04.003774Z,134.0,CSKVNQ3T,2103,29,Female,White,United Kingdom,United Kingdom,United Kingdom,English,Yes,Full-Time
6763051f8f827b2dd55b5893,644a9152838d4d270af3b94f,AWAITING REVIEW,Not Applicable,2024-12-18T17:23:51.470000Z,2024-12-18T17:32:31.370000Z,,2024-12-18T17:35:14.514450Z,520.0,CSKVNQ3T,1175,48,Male,White,United Kingdom,United Kingdom,United Kingdom,English,No,Full-Time
6763052059810c3b29d4e445,673e6a5cd5e5d79d03cae5e9,AWAITING REVIEW,Not Applicable,2024-12-18T17:23:57.029000Z,2024-12-18T17:36:20.234000Z,,2024-12-18T17:37:20.926465Z,744.0,CSKVNQ3T,108,32,Male,Black,United Kingdom,United Kingdom,United Kingdom,English,Yes,Full-Time
676305207f6e929d7f3f11ae,63039f41fa5c21d483996be2,AWAITING REVIEW,Not Applicable,2024-12-18T17:23:58.511000Z,2024-12-18T17:30:09.330000Z,,2024-12-18T17:30:10.460515Z,371.0,CSKVNQ3T,2203,43,Male,White,United Kingdom,United Kingdom,United Kingdom,English,Yes,Full-Time
6763052096ab4f3fb5ca3502,59955d4ea2bbe0000188334d,AWAITING REVIEW,Not Applicable,2024-12-18T17:23:50.870000Z,2024-12-18T17:30:36.986000Z,,2024-12-18T17:30:37.542993Z,407.0,CSKVNQ3T,1263,35,Female,White,United Kingdom,United Kingdom,United Kingdom,English,No,Part-Time
67630520a58341cdb24d1a37,5c0430c71a20110001e9b05a,AWAITING REVIEW,Not Applicable,2024-12-18T17:23:51.035000Z,2024-12-18T17:32:53.602000Z,,2024-12-18T17:35:40.031117Z,543.0,CSKVNQ3T,2470,42,Female,White,United Kingdom,United Kingdom,United Kingdom,English,No,Full-Time
676305215727c93b16763574,675b1360aa91980411897e3e,AWAITING REVIEW,Not Applicable,2024-12-18T17:23:56.247000Z,2024-12-18T17:34:38.243000Z,,2024-12-18T17:37:00.199323Z,642.0,CSKVNQ3T,17,49,Male,Black,Kenya,United Kingdom,United Kingdom,English,No,Full-Time
676305215d78f1840bcb49a2,62b06a37d0d62e0ebd1303aa,AWAITING REVIEW,Not Applicable,2024-12-18T17:24:01.585000Z,2024-12-18T17:29:47.830000Z,,2024-12-19T09:07:55.303586Z,347.0,CSKVNQ3T,185,30,Female,White,United Kingdom,United Kingdom,United Kingdom,English,No,Full-Time
676305222936623528681fc3,66cdfcb06c7f04ea48149efc,AWAITING REVIEW,Not Applicable,2024-12-18T17:24:00.426000Z,2024-12-18T17:33:31.096000Z,,2024-12-18T17:36:13.396777Z,571.0,CSKVNQ3T,124,47,Male,White,United Kingdom,United Kingdom,United Kingdom,English,No,Full-Time
67630522b3fd023c41b838bd,59b5a275c05bb50001eb3c4b,AWAITING REVIEW,Not Applicable,2024-12-18T17:23:57.360000Z,2024-12-18T17:32:18.538000Z,,2024-12-18T17:32:19.270466Z,502.0,CSKVNQ3T,1123,46,Male,White,United Kingdom,United Kingdom,United Kingdom,English,DATA_EXPIRED,DATA_EXPIRED
67630522c278ab01fb4124d1,6665a9d6028c2fb836001d5c,AWAITING REVIEW,Not Applicable,2024-12-18T17:23:54.742000Z,2024-12-18T17:34:45.124000Z,,2024-12-18T17:37:01.426887Z,651.0,CSKVNQ3T,292,50,Female,White,United Kingdom,United Kingdom,United Kingdom,English,No,"Not in paid work (e.g. homemaker', 'retired or disabled)"
676305234187a37b0a17f6b1,5ded58a8217786000b2b2511,AWAITING REVIEW,Not Applicable,2024-12-18T17:23:47.455000Z,2024-12-18T17:33:25.726000Z,,2024-12-18T17:36:10.513750Z,579.0,CSKVNQ3T,2242,68,Male,White,United Kingdom,United Kingdom,United Kingdom,English,No,"Not in paid work (e.g. homemaker', 'retired or disabled)"
67630524147d3e9627fc2bda,5d68c8aa40524c00189e8ac2,AWAITING REVIEW,Not Applicable,2024-12-18T17:27:09.608000Z,2024-12-18T17:47:28.999000Z,,2024-12-18T17:48:17.797656Z,1220.0,CSKVNQ3T,4206,33,Male,White,United Kingdom,United Kingdom,United Kingdom,English,No,Full-Time
676305243c5e29d3fcbf77df,6054986d528d69b89f04aacd,AWAITING REVIEW,Not Applicable,2024-12-18T17:25:58.541000Z,2024-12-18T17:31:42.089000Z,,2024-12-18T17:31:42.746300Z,344.0,CSKVNQ3T,886,47,Male,White,United Kingdom,United Kingdom,United Kingdom,English,No,Full-Time
67630524922deae4993aa643,5c5cad3e4ee81200018eafe2,AWAITING REVIEW,Not Applicable,2024-12-18T17:23:48.769000Z,2024-12-18T17:34:21.457000Z,,2024-12-18T17:36:53.939622Z,633.0,CSKVNQ3T,5506,72,Female,White,United Kingdom,United Kingdom,United Kingdom,English,No,Full-Time
676305250af1b3f2a2c39013,60ed501279c68ea1a313d0aa,AWAITING REVIEW,Not Applicable,2024-12-18T17:23:53.400000Z,2024-12-18T17:31:02.590000Z,,2024-12-18T17:31:03.491797Z,430.0,CSKVNQ3T,1911,60,Female,White,United Kingdom,United Kingdom,United Kingdom,English,No,"Not in paid work (e.g. homemaker', 'retired or disabled)"
6763052530e31e3b72956621,6720fbc84253185973cbe564,AWAITING REVIEW,Not Applicable,2024-12-18T17:23:55.337000Z,2024-12-18T17:29:26.546000Z,,2024-12-18T17:29:27.129076Z,332.0,CSKVNQ3T,167,35,Male,White,United Kingdom,United Kingdom,United Kingdom,English,No,Full-Time
6763052617a68ab20f8fc7c3,66ba85fbceb69b4b0aedeafb,AWAITING REVIEW,Not Applicable,2024-12-18T17:25:08.616000Z,2024-12-18T17:42:33.160000Z,,2024-12-18T17:42:35.248401Z,1045.0,CSKVNQ3T,224,32,Female,White,United Kingdom,United Kingdom,United Kingdom,English,No,Full-Time
67630526901cb0bdcaafe83c,6762c31d8274c84533ad544a,AWAITING REVIEW,Not Applicable,2024-12-18T17:24:01.277000Z,2024-12-18T17:33:58.093000Z,,2024-12-18T17:36:37.442872Z,597.0,CSKVNQ3T,3,30,Male,Black,Kenya,United Kingdom,United Kingdom,English,No,Full-Time
67630526ef467e206564b63e,5eab8aaadf23cb170f52e0cc,AWAITING REVIEW,Not Applicable,2024-12-18T17:23:54.645000Z,2024-12-18T17:30:56.225000Z,,2024-12-18T18:31:58.679627Z,422.0,CSKVNQ3T,1300,32,Female,White,United Kingdom,United Kingdom,United Kingdom,Welsh,No,Unemployed (and job seeking)
6763052713a0bc86afedf607,5fabf588f711fa0c6b0aebf6,AWAITING REVIEW,Not Applicable,2024-12-18T17:24:03.620000Z,2024-12-18T17:34:47.273000Z,,2024-12-18T17:37:01.802551Z,644.0,CSKVNQ3T,2250,76,Male,White,United Kingdom,United Kingdom,United Kingdom,English,No,"Not in paid work (e.g. homemaker', 'retired or disabled)"
67630527adea7ac749c10da9,5d3c480f2dc7f70001f00c87,AWAITING REVIEW,Not Applicable,2024-12-18T17:23:57.425000Z,2024-12-18T17:35:04.104000Z,,2024-12-18T17:37:05.951854Z,667.0,CSKVNQ3T,1920,55,Female,White,United Kingdom,United Kingdom,United Kingdom,English,No,Part-Time
676305288e795ebb68acf3b4,654e3926a9f47dd3e0bd5471,AWAITING REVIEW,Not Applicable,2024-12-18T17:23:52.412000Z,2024-12-18T17:27:37.872000Z,,2024-12-18T17:28:02.545366Z,226.0,CSKVNQ3T,1454,33,Male,White,United Kingdom,United Kingdom,United Kingdom,English,Yes,Full-Time
67630529cbd2d861deb47fa3,5ea3319a6a1a5b2a1175ed6e,AWAITING REVIEW,Not Applicable,2024-12-18T17:25:56.108000Z,2024-12-18T17:41:40.009000Z,,2024-12-18T17:41:40.913603Z,944.0,CSKVNQ3T,2678,74,Male,White,United Kingdom,United Kingdom,United Kingdom,English,No,"Not in paid work (e.g. homemaker', 'retired or disabled)"
67630529efa79e104ac0bbf6,5d34862748bf98000146b64f,AWAITING REVIEW,Not Applicable,2024-12-18T17:23:53.085000Z,2024-12-18T17:43:40.057000Z,,2024-12-18T17:43:40.730865Z,1187.0,CSKVNQ3T,3705,31,Male,White,United Kingdom,United Kingdom,United Kingdom,English,DATA_EXPIRED,DATA_EXPIRED
6763052aa3dc526ab1ba1488,611218c29a454f84484df681,AWAITING REVIEW,Not Applicable,2024-12-18T17:32:02.086000Z,2024-12-18T17:39:54.487000Z,,2024-12-18T17:39:55.513307Z,473.0,CSKVNQ3T,1388,34,Male,White,United Kingdom,United Kingdom,United Kingdom,English,No,Full-Time
6763052b53f10f69a2d96edf,643873bc9ae4a23c9062b52a,AWAITING REVIEW,Not Applicable,2024-12-18T17:24:33.451000Z,2024-12-18T17:29:19.498000Z,,2024-12-18T17:29:20.551740Z,287.0,CSKVNQ3T,1141,55,Male,White,United Kingdom,United Kingdom,United Kingdom,English,Yes,Full-Time
6763052c3d4f9ea9d1c10d9f,65cbbbcc5c1ef8b850c91eb5,AWAITING REVIEW,Not Applicable,2024-12-18T17:23:56.361000Z,2024-12-18T17:29:38.198000Z,,2024-12-18T17:29:38.869212Z,342.0,CSKVNQ3T,408,67,Male,White,United Kingdom,United Kingdom,United Kingdom,English,No,Part-Time
6763052cb99818b56e22be76,641c90683d33ab109f15129c,AWAITING REVIEW,Not Applicable,2024-12-18T17:24:00.205000Z,2024-12-18T17:30:18.684000Z,,2024-12-18T17:30:20.141516Z,379.0,CSKVNQ3T,505,29,Male,White,United Kingdom,United Kingdom,United Kingdom,English,No,DATA_EXPIRED
6763052dac0d785734196a7c,675c50222eb6fffa19afed8c,AWAITING REVIEW,Not Applicable,2024-12-18T17:24:07.417000Z,2024-12-18T17:30:42.684000Z,,2024-12-18T17:30:43.374952Z,396.0,CSKVNQ3T,12,62,Male,White,United Kingdom,United Kingdom,United Kingdom,English,No,DATA_EXPIRED
6763052f30a7db764b6e554b,670f91e282fe73d63df3c182,AWAITING REVIEW,Not Applicable,2024-12-18T17:26:32.428000Z,2024-12-18T17:42:39.607000Z,,2024-12-18T17:42:40.549367Z,968.0,CSKVNQ3T,202,29,Male,Black,United Kingdom,United Kingdom,United Kingdom,English,Yes,Part-Time
6763052f7e62f3c8bff962a4,64457bc906c125cebd4bf66b,AWAITING REVIEW,Not Applicable,2024-12-18T17:24:04.674000Z,2024-12-18T17:27:48.417000Z,,2024-12-18T17:28:08.821306Z,224.0,CSKVNQ3T,1265,75,Male,White,United Kingdom,United Kingdom,United Kingdom,English,No,"Not in paid work (e.g. homemaker', 'retired or disabled)"
67630530d4f2e3e03ef2c0fd,65181cb9fccf8981620aa83d,AWAITING REVIEW,Not Applicable,2024-12-18T17:24:07.534000Z,2024-12-18T17:37:08.609000Z,,2024-12-18T17:37:27.469479Z,782.0,CSKVNQ3T,929,73,Male,White,United Kingdom,United Kingdom,United Kingdom,English,No,Part-Time
676305321238e1424ad8dadf,6645c5034f135ca1a1c64f72,AWAITING REVIEW,Not Applicable,2024-12-18T17:24:13.374000Z,2024-12-18T17:33:09.473000Z,,2024-12-18T17:35:52.371953Z,537.0,CSKVNQ3T,67,29,Male,Mixed,United Kingdom,United Kingdom,United Kingdom,English,No,Full-Time
67630532dff72156c2318f45,666640831e2f8d963f8c528f,AWAITING REVIEW,Not Applicable,2024-12-18T17:24:14.727000Z,2024-12-18T17:37:52.752000Z,,2024-12-18T17:37:53.577790Z,819.0,CSKVNQ3T,221,25,Male,Mixed,United Kingdom,United Kingdom,United Kingdom,English,No,Due to start a new job within the next month
676305335bbe20d1fd5d65a4,6692fcc54896e26c1dad62bb,AWAITING REVIEW,Not Applicable,2024-12-18T17:26:11.903000Z,2024-12-18T17:38:19.074000Z,,2024-12-18T17:38:19.884760Z,728.0,CSKVNQ3T,297,43,Male,Asian,United Kingdom,United Kingdom,United Kingdom,English,No,Full-Time
67630534e93d3eca92a7a00c,66a4f4dc455af47911157127,AWAITING REVIEW,Not Applicable,2024-12-18T17:24:24.381000Z,2024-12-18T17:31:56.281000Z,,2024-12-18T17:31:56.991077Z,452.0,CSKVNQ3T,244,49,Male,White,United Kingdom,United Kingdom,United Kingdom,English,No,Full-Time
6763053511d4e5ee99a724fa,6762a6c453dc00bbd597daad,AWAITING REVIEW,Not Applicable,2024-12-18T17:25:20.979000Z,2024-12-18T17:28:39.411000Z,,2024-12-18T17:28:40.103600Z,199.0,CSKVNQ3T,4,33,Male,White,United Kingdom,United Kingdom,United Kingdom,English,No,Full-Time
67630535542aca69e0f5afa4,6655e3832dcc68a1d2ee9229,AWAITING REVIEW,Not Applicable,2024-12-18T17:24:11.185000Z,2024-12-18T17:31:43.792000Z,,2024-12-18T17:31:45.051105Z,453.0,CSKVNQ3T,508,38,Male,White,United Kingdom,United Kingdom,United Kingdom,English,DATA_EXPIRED,DATA_EXPIRED
6763053559810c3b29d4e449,6751902532987692a1ede531,AWAITING REVIEW,Not Applicable,2024-12-18T17:31:17.056000Z,2024-12-18T17:58:49.271000Z,,2024-12-18T17:58:50.156285Z,1653.0,CSKVNQ3T,28,25,Female,Mixed,United Kingdom,United Kingdom,United Kingdom,English,DATA_EXPIRED,DATA_EXPIRED
676305367be1689e4197d72d,66484cfc664a1d8dd22f2fcf,AWAITING REVIEW,Not Applicable,2024-12-18T17:24:14.527000Z,2024-12-18T17:29:12.034000Z,,2024-12-18T17:29:12.887844Z,298.0,CSKVNQ3T,389,64,Male,White,United Kingdom,United Kingdom,United Kingdom,English,No,Full-Time
676305375dc8d3913a4a2eb8,6704539fe462b87182866f14,AWAITING REVIEW,Not Applicable,2024-12-18T17:26:07.754000Z,2024-12-18T17:32:34.183000Z,,2024-12-18T17:35:17.055455Z,387.0,CSKVNQ3T,252,42,Male,White,Spain,United Kingdom,United Kingdom,English,Yes,Full-Time
676305377951126c20ea5557,634696bb92c2e5319fcf3527,AWAITING REVIEW,Not Applicable,2024-12-18T17:24:15.535000Z,2024-12-18T17:26:36.714000Z,,2024-12-18T17:26:38.737278Z,142.0,COJL1FVU,79,45,Male,White,United Kingdom,United Kingdom,United Kingdom,English,No,DATA_EXPIRED
67630539ebccc0b465b89a33,5e2872fffcdb020467d12799,AWAITING REVIEW,Not Applicable,2024-12-18T17:24:16.086000Z,2024-12-18T17:29:35.107000Z,,2024-12-18T17:29:35.743126Z,320.0,CSKVNQ3T,2799,78,Male,White,United Kingdom,United Kingdom,United Kingdom,English,No,"Not in paid work (e.g. homemaker', 'retired or disabled)"
6763053a37e04124c709d843,64455cfdcc83f30266ad2345,AWAITING REVIEW,Not Applicable,2024-12-18T17:24:15.419000Z,2024-12-18T17:31:28.897000Z,,2024-12-18T17:31:29.782697Z,434.0,CSKVNQ3T,1035,49,Male,White,United Kingdom,United Kingdom,United Kingdom,English,No,Full-Time
6763053b2e49cc7141d4f6df,654696643d59ab1463391adc,AWAITING REVIEW,Not Applicable,2024-12-18T17:24:21.518000Z,2024-12-18T17:33:55.872000Z,,2024-12-18T17:36:35.334764Z,575.0,CSKVNQ3T,836,57,Male,White,United Kingdom,United Kingdom,United Kingdom,English,No,"Not in paid work (e.g. homemaker', 'retired or disabled)"
6763053b52acb7710b4edc4f,5f0c7fb61fa6930c50a6a29b,AWAITING REVIEW,Not Applicable,2024-12-18T17:24:17.219000Z,2024-12-18T17:26:47.357000Z,,2024-12-18T17:26:50.121425Z,151.0,CSKVNQ3T,2167,58,Male,White,United Kingdom,United Kingdom,United Kingdom,English,No,Full-Time
6763053c8f827b2dd55b589a,5f674b595c87a8334c381ae7,AWAITING REVIEW,Not Applicable,2024-12-18T17:24:17.858000Z,2024-12-18T17:31:39.944000Z,,2024-12-18T17:31:40.740505Z,443.0,CSKVNQ3T,2991,74,Male,White,United Kingdom,United Kingdom,United Kingdom,English,No,Full-Time
6763053ca3dc526ab1ba148e,6719d46fdbfd7417400b9076,AWAITING REVIEW,Not Applicable,2024-12-18T17:24:22.237000Z,2024-12-18T17:28:36.231000Z,,2024-12-18T17:28:37.037363Z,254.0,CSKVNQ3T,227,37,Male,White,United Kingdom,United Kingdom,United Kingdom,English,No,Full-Time
6763053e074cd9f020956754,616ab38422e8cf63905eec70,AWAITING REVIEW,Not Applicable,2024-12-18T17:24:21.242000Z,2024-12-18T17:30:52.448000Z,,2024-12-18T17:30:53.229846Z,392.0,CSKVNQ3T,549,67,Male,White,United Kingdom,United Kingdom,United Kingdom,English,No,"Not in paid work (e.g. homemaker', 'retired or disabled)"
6763053e713c5e1f8b74ae2f,675f432df87b18ecba0964f4,AWAITING REVIEW,Not Applicable,2024-12-18T17:24:29.356000Z,2024-12-18T17:33:11.691000Z,,2024-12-18T17:35:53.940597Z,523.0,CSKVNQ3T,11,22,Male,White,Kenya,United Kingdom,United Kingdom,English,No,Part-Time
6763053fd57dfccfa68a21c6,5ff45beefdb6e6b063b4c520,AWAITING REVIEW,Not Applicable,2024-12-18T17:24:20.332000Z,2024-12-18T17:32:20.229000Z,,2024-12-18T17:32:21.042469Z,480.0,CSKVNQ3T,1809,37,Male,White,United Kingdom,United Kingdom,United Kingdom,English,DATA_EXPIRED,DATA_EXPIRED
6763053ff1f75756cffe1e89,5d5738917cf41b0015a05fc6,AWAITING REVIEW,Not Applicable,2024-12-18T17:24:20.516000Z,2024-12-18T17:27:05.566000Z,,2024-12-18T17:27:17.007288Z,166.0,CSKVNQ3T,1143,34,Male,White,United Kingdom,United Kingdom,United Kingdom,English,No,Full-Time
67630540713c5e1f8b74ae35,65c4f8b7ee01aab3bee85367,AWAITING REVIEW,Not Applicable,2024-12-18T17:24:29.100000Z,2024-12-18T17:44:20.985000Z,,2024-12-18T17:44:21.751828Z,1192.0,CSKVNQ3T,740,57,Male,Asian,United Kingdom,United Kingdom,United Kingdom,English,No,Full-Time
67630541956d8feb24924583,6605a4248fa92a591521463c,AWAITING REVIEW,Not Applicable,2024-12-18T17:24:28.453000Z,2024-12-18T17:34:12.158000Z,,2024-12-18T17:36:47.976668Z,584.0,CSKVNQ3T,50,36,Male,White,United Kingdom,United Kingdom,United Kingdom,English,No,Full-Time
67630541fdcd840672597e0c,59cfc4ff4f2d3d0001d8e01c,AWAITING REVIEW,Not Applicable,2024-12-18T17:24:17.781000Z,2024-12-18T17:28:44.880000Z,,2024-12-18T17:28:45.750718Z,268.0,CSKVNQ3T,736,28,Male,White,United Kingdom,United Kingdom,United Kingdom,English,No,Full-Time
67630542d6e2694dcf4daae8,6728cca9354c22a939055cea,AWAITING REVIEW,Not Applicable,2024-12-18T17:24:27.360000Z,2024-12-18T17:34:27.922000Z,,2024-12-18T17:36:57.002411Z,601.0,CSKVNQ3T,102,67,Male,White,United Kingdom,United Kingdom,United Kingdom,English,No,"Not in paid work (e.g. homemaker', 'retired or disabled)"
67630542e160a9fc1c5ef25f,6266aba991affe86ae58ce07,AWAITING REVIEW,Not Applicable,2024-12-18T17:24:23.677000Z,2024-12-18T17:32:18.057000Z,,2024-12-18T17:32:19.383537Z,475.0,CSKVNQ3T,139,58,Male,White,United Kingdom,United Kingdom,United Kingdom,English,No,"Not in paid work (e.g. homemaker', 'retired or disabled)"
6763054316b3f7ba4e1e170c,6735c403db8ec6c3d1520795,AWAITING REVIEW,Not Applicable,2024-12-18T17:24:33.076000Z,2024-12-18T17:39:18.479000Z,,2024-12-18T17:39:19.657240Z,886.0,CSKVNQ3T,78,40,Male,Black,United Kingdom,United Kingdom,United Kingdom,English,Yes,Full-Time
67630545b3fd023c41b838c9,5f77248c99c5641ee9ccfff7,AWAITING REVIEW,Not Applicable,2024-12-18T17:24:26.741000Z,2024-12-18T17:26:37.653000Z,,2024-12-18T17:26:40.185222Z,131.0,CSKVNQ3T,29,23,Male,White,United Kingdom,United Kingdom,United Kingdom,English,No,DATA_EXPIRED
67630545bb76f26a3bdfa0bf,675e06422af6e9cb4bcbd459,AWAITING REVIEW,Not Applicable,2024-12-18T17:24:26.290000Z,2024-12-18T17:28:09.359000Z,,2024-12-18T17:28:16.174624Z,224.0,CSKVNQ3T,7,34,Male,White,United Kingdom,United Kingdom,United Kingdom,English,No,Full-Time
67630546103d1d8e012275c7,6658b2c0589d777bab78ad38,AWAITING REVIEW,Not Applicable,2024-12-18T17:24:27.960000Z,2024-12-18T17:31:16.357000Z,,2024-12-18T17:31:18.183903Z,409.0,CSKVNQ3T,111,22,Male,Asian,United Kingdom,United Kingdom,United Kingdom,English,DATA_EXPIRED,Unemployed (and job seeking)
6763057647433b00089f0208,5bb20c4ce05c350001ef337e,AWAITING REVIEW,Not Applicable,2024-12-18T17:25:17.423000Z,2024-12-18T17:52:50.368000Z,,2024-12-18T17:52:51.057419Z,1653.0,CSKVNQ3T,2114,69,Female,White,United Kingdom,United Kingdom,United Kingdom,Welsh,No,DATA_EXPIRED
6763057d4a65e69e072cda77,67437ce04d77b0f929d0232d,AWAITING REVIEW,Not Applicable,2024-12-18T17:25:30.435000Z,2024-12-18T17:59:54.775000Z,,2024-12-18T17:59:56.279436Z,2065.0,CSKVNQ3T,112,24,Male,Black,Kenya,United Kingdom,United Kingdom,English,Yes,Full-Time
6763058b66fc548786d4f6d5,67422ae65d59e184500eed0d,AWAITING REVIEW,Not Applicable,2024-12-18T17:25:51.958000Z,2024-12-18T17:37:30.956000Z,,2024-12-18T17:37:31.899036Z,699.0,CSKVNQ3T,117,39,Female,Black,United Kingdom,United Kingdom,United Kingdom,English,No,Part-Time
6763059ddfb63cae63882470,676003dde2d04dc31439443b,AWAITING REVIEW,Not Applicable,2024-12-18T17:26:01.895000Z,2024-12-18T17:35:55.846000Z,,2024-12-18T17:37:16.989037Z,594.0,CSKVNQ3T,22,24,Male,Black,Kenya,United Kingdom,United Kingdom,English,No,Full-Time
676305b35d78f1840bcb49bd,675c48cbb4c8dd868900c7cd,AWAITING REVIEW,Not Applicable,2024-12-18T17:26:31.212000Z,2024-12-18T17:40:28.545000Z,,2024-12-18T17:40:29.366888Z,838.0,CSKVNQ3T,14,32,Female,Black,Kenya,United Kingdom,United Kingdom,English,No,Full-Time
676305b6ff171126c6b38718,571a78f06a1c6300114b8d80,AWAITING REVIEW,Not Applicable,2024-12-18T17:26:18.585000Z,2024-12-18T17:29:28.649000Z,,2024-12-18T17:29:29.623335Z,191.0,CSKVNQ3T,1245,41,Female,White,United Kingdom,United Kingdom,United Kingdom,English,Yes,Full-Time
676305bba5f950440d68f725,67432a7f375b1cccc44d850e,AWAITING REVIEW,Not Applicable,2024-12-18T17:29:35.592000Z,2024-12-18T17:35:16.481000Z,,2024-12-18T17:37:09.156162Z,341.0,CSKVNQ3T,72,35,Male,Mixed,United Kingdom,United Kingdom,United Kingdom,English,Yes,Unemployed (and job seeking)
676305dc16e7328e23462cf2,66f27e0f1171e016b62364be,AWAITING REVIEW,Not Applicable,2024-12-18T17:26:59.788000Z,2024-12-18T17:38:20.165000Z,,2024-12-18T17:38:21.045397Z,681.0,CSKVNQ3T,228,62,Male,White,United Kingdom,United Kingdom,United Kingdom,English,No,Full-Time
6763063e59810c3b29d4e47e,6668d4917e343a318af11adf,AWAITING REVIEW,Not Applicable,2024-12-18T17:28:43.486000Z,2024-12-18T17:47:18.479000Z,,2024-12-18T17:48:09.525667Z,1115.0,CSKVNQ3T,514,25,Male,Black,United Kingdom,United Kingdom,United Kingdom,English,No,Full-Time
676306532516217b1b6333f6,672bbf448089dcae995a359a,AWAITING REVIEW,Not Applicable,2024-12-18T17:28:55.581000Z,2024-12-18T17:37:27.766000Z,,2024-12-18T17:37:29.331443Z,513.0,CSKVNQ3T,119,32,Female,White,United Kingdom,United Kingdom,United Kingdom,English,No,Full-Time
67630661d8204f0929598fbc,664ba1d1d71301161344e2a5,AWAITING REVIEW,Not Applicable,2024-12-18T17:29:30.498000Z,2024-12-18T18:12:44.612000Z,,2024-12-18T18:13:17.353874Z,2595.0,NOCODE,498,27,Male,Other,United Kingdom,United Kingdom,United Kingdom,English,No,Part-Time
6763078b0098898e8cfd0da0,6724ffedb2e2d24cb30de26f,AWAITING REVIEW,Not Applicable,2024-12-18T17:34:10.853000Z,2024-12-18T17:38:53.950000Z,,2024-12-18T17:38:54.716884Z,284.0,CSKVNQ3T,133,28,Male,Asian,United Kingdom,United Kingdom,United Kingdom,English,No,Other
6763078f038d15eb727279db,67532c17ab3fc547b3c8ab74,AWAITING REVIEW,Not Applicable,2024-12-18T17:34:20.171000Z,2024-12-18T17:40:22.691000Z,,2024-12-18T17:40:23.388844Z,363.0,CSKVNQ3T,32,19,Female,Black,Nigeria,United Kingdom,United Kingdom,English,No,Full-Time
6763079dff4ef372136617f6,66af8c7213537c8f0265065b,AWAITING REVIEW,Not Applicable,2024-12-18T17:34:26.830000Z,2024-12-18T17:37:50.790000Z,,2024-12-18T17:37:51.549644Z,204.0,CSKVNQ3T,431,36,Male,White,United Kingdom,United Kingdom,United Kingdom,English,No,Full-Time
676307d227921185b74f4559,65ccc7e766127e24c9e313a2,AWAITING REVIEW,Not Applicable,2024-12-18T17:35:34.222000Z,2024-12-18T17:40:49.520000Z,,2024-12-18T17:40:50.352496Z,316.0,CSKVNQ3T,852,34,Male,White,United Kingdom,United Kingdom,United Kingdom,English,No,Full-Time
6763087cc232eb6b22055325,596e1cc639e9d00001b7bb84,AWAITING REVIEW,Not Applicable,2024-12-18T17:38:11.238000Z,2024-12-18T17:44:45.709000Z,,2024-12-18T17:44:59.399422Z,395.0,CSKVNQ3T,2661,44,Female,White,United Kingdom,United Kingdom,United Kingdom,English,No,Part-Time
6763114b9c18862dff596204,673dbbee9983e0d8084c8a76,AWAITING REVIEW,Not Applicable,2024-12-18T18:15:52.155000Z,2024-12-18T18:23:40.059000Z,,2024-12-18T18:23:43.230027Z,468.0,CSKVNQ3T,56,68,Female,White,United Kingdom,United Kingdom,United Kingdom,English,No,"Not in paid work (e.g. homemaker', 'retired or disabled)"
676301fd9ed7d6284888f904,5b6b54af31b9b000017898b8,RETURNED,Not Applicable,2024-12-18T17:10:36.752000Z,,,,,,922,CONSENT_REVOKED,CONSENT_REVOKED,CONSENT_REVOKED,CONSENT_REVOKED,CONSENT_REVOKED,CONSENT_REVOKED,CONSENT_REVOKED,CONSENT_REVOKED,CONSENT_REVOKED
6763042184fcdfb97f1d6f37,6750983c740138799b810cd8,RETURNED,Not Applicable,2024-12-18T17:27:32.547000Z,,,,,,16,CONSENT_REVOKED,CONSENT_REVOKED,CONSENT_REVOKED,CONSENT_REVOKED,CONSENT_REVOKED,CONSENT_REVOKED,CONSENT_REVOKED,CONSENT_REVOKED,CONSENT_REVOKED
67630428c9d7b96e8ab84ca0,5e649eb4666c4a22594d22ca,RETURNED,Not Applicable,2024-12-18T17:19:36.483000Z,,,,,,677,CONSENT_REVOKED,CONSENT_REVOKED,CONSENT_REVOKED,CONSENT_REVOKED,CONSENT_REVOKED,CONSENT_REVOKED,CONSENT_REVOKED,CONSENT_REVOKED,CONSENT_REVOKED
676304733d5651f5c734c98e,5c1a862dc4004e0001f8020f,RETURNED,Not Applicable,2024-12-18T17:20:57.350000Z,,,,,,2221,CONSENT_REVOKED,CONSENT_REVOKED,CONSENT_REVOKED,CONSENT_REVOKED,CONSENT_REVOKED,CONSENT_REVOKED,CONSENT_REVOKED,CONSENT_REVOKED,CONSENT_REVOKED
676304f1e3606ad2739f0895,5f01dbf0f5ef5d052ced1135,RETURNED,Not Applicable,2024-12-18T17:23:04.475000Z,,,,,,1994,CONSENT_REVOKED,CONSENT_REVOKED,CONSENT_REVOKED,CONSENT_REVOKED,CONSENT_REVOKED,CONSENT_REVOKED,CONSENT_REVOKED,CONSENT_REVOKED,CONSENT_REVOKED
676304f3dd37bc4b811447ed,6720043dbd463d74a5d3827c,RETURNED,Not Applicable,2024-12-18T17:23:04.372000Z,,,,,,102,CONSENT_REVOKED,CONSENT_REVOKED,CONSENT_REVOKED,CONSENT_REVOKED,CONSENT_REVOKED,CONSENT_REVOKED,CONSENT_REVOKED,CONSENT_REVOKED,CONSENT_REVOKED
676304fcffc0efe9094e2673,669bef32e12b168add192c3f,RETURNED,Not Applicable,2024-12-18T17:34:00.056000Z,,,,,,257,CONSENT_REVOKED,CONSENT_REVOKED,CONSENT_REVOKED,CONSENT_REVOKED,CONSENT_REVOKED,CONSENT_REVOKED,CONSENT_REVOKED,CONSENT_REVOKED,CONSENT_REVOKED
67630500b5508c81f464f511,62e154b0682e270b4acdf5ee,RETURNED,Not Applicable,2024-12-18T17:23:22.501000Z,,,,,,1924,CONSENT_REVOKED,CONSENT_REVOKED,CONSENT_REVOKED,CONSENT_REVOKED,CONSENT_REVOKED,CONSENT_REVOKED,CONSENT_REVOKED,CONSENT_REVOKED,CONSENT_REVOKED
6763050d1d473681a1765ea5,66436ec21d976973c69da856,RETURNED,Not Applicable,2024-12-18T17:23:44.396000Z,,,,,,408,CONSENT_REVOKED,CONSENT_REVOKED,CONSENT_REVOKED,CONSENT_REVOKED,CONSENT_REVOKED,CONSENT_REVOKED,CONSENT_REVOKED,CONSENT_REVOKED,CONSENT_REVOKED
6763050eac0d785734196a71,5ed69d3e9ef2ea0e828d06b6,RETURNED,Not Applicable,2024-12-18T17:23:26.656000Z,,,,,,1964,CONSENT_REVOKED,CONSENT_REVOKED,CONSENT_REVOKED,CONSENT_REVOKED,CONSENT_REVOKED,CONSENT_REVOKED,CONSENT_REVOKED,CONSENT_REVOKED,CONSENT_REVOKED
676305106881efd3c089f798,63468b3bd07050877a6beb11,RETURNED,Not Applicable,2024-12-18T17:23:35.928000Z,,,,,,1335,CONSENT_REVOKED,CONSENT_REVOKED,CONSENT_REVOKED,CONSENT_REVOKED,CONSENT_REVOKED,CONSENT_REVOKED,CONSENT_REVOKED,CONSENT_REVOKED,CONSENT_REVOKED
6763051346c019d8f17bae80,596e1edd39e9d00001b7bb98,RETURNED,Not Applicable,2024-12-18T17:23:31.973000Z,,,,,,3433,CONSENT_REVOKED,CONSENT_REVOKED,CONSENT_REVOKED,CONSENT_REVOKED,CONSENT_REVOKED,CONSENT_REVOKED,CONSENT_REVOKED,CONSENT_REVOKED,CONSENT_REVOKED
676305139084ad223ee076bf,5d29c671bc573b00165c9014,RETURNED,Not Applicable,2024-12-18T17:23:31.462000Z,,,,,,2245,CONSENT_REVOKED,CONSENT_REVOKED,CONSENT_REVOKED,CONSENT_REVOKED,CONSENT_REVOKED,CONSENT_REVOKED,CONSENT_REVOKED,CONSENT_REVOKED,CONSENT_REVOKED
67630514aa1a85138dbf0488,675c053b8675f47c4a5ec3a4,RETURNED,Not Applicable,2024-12-18T17:34:00.056000Z,,,,,,23,CONSENT_REVOKED,CONSENT_REVOKED,CONSENT_REVOKED,CONSENT_REVOKED,CONSENT_REVOKED,CONSENT_REVOKED,CONSENT_REVOKED,CONSENT_REVOKED,CONSENT_REVOKED
676305151238e1424ad8dad8,656b3926d49eaa0c624e063f,RETURNED,Not Applicable,2024-12-18T17:23:39.860000Z,,,,,,722,CONSENT_REVOKED,CONSENT_REVOKED,CONSENT_REVOKED,CONSENT_REVOKED,CONSENT_REVOKED,CONSENT_REVOKED,CONSENT_REVOKED,CONSENT_REVOKED,CONSENT_REVOKED
6763052598def3ab57d22920,63cfe8dc1a2652c5065efe80,TIMED-OUT,Not Applicable,2024-12-18T17:23:57.145000Z,,,,56777.0,,151,36,Female,White,United Kingdom,United Kingdom,United Kingdom,English,No,Part-Time
676305279ec6721f67682470,5d3ef33e8da0790017c90e08,RETURNED,Not Applicable,2024-12-18T17:23:51.233000Z,,,,,,1483,CONSENT_REVOKED,CONSENT_REVOKED,CONSENT_REVOKED,CONSENT_REVOKED,CONSENT_REVOKED,CONSENT_REVOKED,CONSENT_REVOKED,CONSENT_REVOKED,CONSENT_REVOKED
67630538f8654e0b5ef5bda8,666445e5b72745f04a4f57d6,RETURNED,Not Applicable,2024-12-18T17:24:23.579000Z,,,,,,112,CONSENT_REVOKED,CONSENT_REVOKED,CONSENT_REVOKED,CONSENT_REVOKED,CONSENT_REVOKED,CONSENT_REVOKED,CONSENT_REVOKED,CONSENT_REVOKED,CONSENT_REVOKED
6763053ac334c91f0fb837ee,5eebaa1d416c683693479763,RETURNED,Not Applicable,2024-12-18T17:24:38.748000Z,,,,,,1690,CONSENT_REVOKED,CONSENT_REVOKED,CONSENT_REVOKED,CONSENT_REVOKED,CONSENT_REVOKED,CONSENT_REVOKED,CONSENT_REVOKED,CONSENT_REVOKED,CONSENT_REVOKED
67630540b5508c81f464f51b,62c8391cd913ab9b5317d5f9,RETURNED,Not Applicable,2024-12-18T17:24:23.432000Z,,,,,,1828,CONSENT_REVOKED,CONSENT_REVOKED,CONSENT_REVOKED,CONSENT_REVOKED,CONSENT_REVOKED,CONSENT_REVOKED,CONSENT_REVOKED,CONSENT_REVOKED,CONSENT_REVOKED
67630580a9f53de7f2601345,62da7d3913126d5b2122fc0c,RETURNED,Not Applicable,2024-12-18T17:25:24.671000Z,2024-12-18T17:28:03.966000Z,,2024-12-18T17:28:14.377000Z,,COJL1FVU,586,CONSENT_REVOKED,CONSENT_REVOKED,CONSENT_REVOKED,CONSENT_REVOKED,CONSENT_REVOKED,CONSENT_REVOKED,CONSENT_REVOKED,CONSENT_REVOKED,CONSENT_REVOKED
67630601bbd08dc5ac17c034,6520585bf89f98f5a91c8127,RETURNED,Not Applicable,2024-12-18T17:38:00.043000Z,,,,,,75,CONSENT_REVOKED,CONSENT_REVOKED,CONSENT_REVOKED,CONSENT_REVOKED,CONSENT_REVOKED,CONSENT_REVOKED,CONSENT_REVOKED,CONSENT_REVOKED,CONSENT_REVOKED
